keyword,cluster,search_intent,funnel_stage,location_modifier,target_url,page_type,keyword_role,priority,source_evidence,source_query,source_url,observed_at,status,site_owner,canonical_url,monthly_searches,keyword_difficulty,cpc_inr,notes
website design company in goa,core_web_design_goa,commercial_transactional,decision,Goa,/,homepage,primary_and_close_variants,P0,user_seed,User brief,,2026-08-30,mapped_needs_volume_validation,goa_specialist,https://webdesigncompanygoa.in/,,,,Use one authoritative homepage; do not create separate pages for wording variants.
web design company in goa,core_web_design_goa,commercial_transactional,decision,Goa,/,homepage,primary_and_close_variants,P0,strategic_expansion_validate,,,,mapped_needs_volume_validation,goa_specialist,https://webdesigncompanygoa.in/,,,,Use one authoritative homepage; do not create separate pages for wording variants.
web design company goa,core_web_design_goa,commercial_transactional,decision,Goa,/,homepage,primary_and_close_variants,P0,google_autocomplete_in_en,web designer goa,https://suggestqueries.google.com/complete/search?client=firefox&hl=en&gl=in&q=web%20designer%20goa,2026-08-30,mapped_needs_volume_validation,goa_specialist,https://webdesigncompanygoa.in/,,,,Use one authoritative homepage; do not create separate pages for wording variants.
website designing company in goa,core_web_design_goa,commercial_transactional,decision,Goa,/,homepage,primary_and_close_variants,P0,google_autocomplete_in_en,website development company goa,https://suggestqueries.google.com/complete/search?client=firefox&hl=en&gl=in&q=website%20development%20company%20goa,2026-08-30,mapped_needs_volume_validation,goa_specialist,https://webdesigncompanygoa.in/,,,,Use one authoritative homepage; do not create separate pages for wording variants.
web designing company in goa,core_web_design_goa,commercial_transactional,decision,Goa,/,homepage,primary_and_close_variants,P0,user_seed,User brief,,2026-08-30,mapped_needs_volume_validation,goa_specialist,https://webdesigncompanygoa.in/,,,,Use one authoritative homepage; do not create separate pages for wording variants.
website design agency in goa,core_web_design_goa,commercial_transactional,decision,Goa,/,homepage,primary_and_close_variants,P0,strategic_expansion_validate,,,,mapped_needs_volume_validation,goa_specialist,https://webdesigncompanygoa.in/,,,,Use one authoritative homepage; do not create separate pages for wording variants.
web design agency in goa,core_web_design_goa,commercial_transactional,decision,Goa,/,homepage,primary_and_close_variants,P0,strategic_expansion_validate,,,,mapped_needs_volume_validation,goa_specialist,https://webdesigncompanygoa.in/,,,,Use one authoritative homepage; do not create separate pages for wording variants.
website designing agency in goa,core_web_design_goa,commercial_transactional,decision,Goa,/,homepage,primary_and_close_variants,P0,user_seed,User brief,,2026-08-30,mapped_needs_volume_validation,goa_specialist,https://webdesigncompanygoa.in/,,,,Use one authoritative homepage; do not create separate pages for wording variants.
web designing agency in goa,core_web_design_goa,commercial_transactional,decision,Goa,/,homepage,primary_and_close_variants,P0,strategic_expansion_validate,,,,mapped_needs_volume_validation,goa_specialist,https://webdesigncompanygoa.in/,,,,Use one authoritative homepage; do not create separate pages for wording variants.
website designers in goa,core_web_design_goa,commercial_transactional,decision,Goa,/,homepage,primary_and_close_variants,P0,serp_observed,website design company in Goa,http://warrenasia.com/,2026-08-30,mapped_needs_volume_validation,goa_specialist,https://webdesigncompanygoa.in/,,,,Use one authoritative homepage; do not create separate pages for wording variants.
web designers in goa,core_web_design_goa,commercial_transactional,decision,Goa,/,homepage,primary_and_close_variants,P0,serp_observed,website design company in Goa,http://warrenasia.com/,2026-08-30,mapped_needs_volume_validation,goa_specialist,https://webdesigncompanygoa.in/,,,,Use one authoritative homepage; do not create separate pages for wording variants.
website designer in goa,core_web_design_goa,commercial_transactional,decision,Goa,/,homepage,primary_and_close_variants,P0,strategic_expansion_validate,,,,mapped_needs_volume_validation,goa_specialist,https://webdesigncompanygoa.in/,,,,Use one authoritative homepage; do not create separate pages for wording variants.
web designer in goa,core_web_design_goa,commercial_transactional,decision,Goa,/,homepage,primary_and_close_variants,P0,strategic_expansion_validate,,,,mapped_needs_volume_validation,goa_specialist,https://webdesigncompanygoa.in/,,,,Use one authoritative homepage; do not create separate pages for wording variants.
website designer goa,core_web_design_goa,commercial_transactional,decision,Goa,/,homepage,primary_and_close_variants,P0,strategic_expansion_validate,,,,mapped_needs_volume_validation,goa_specialist,https://webdesigncompanygoa.in/,,,,Use one authoritative homepage; do not create separate pages for wording variants.
web designer goa,core_web_design_goa,commercial_transactional,decision,Goa,/,homepage,primary_and_close_variants,P0,google_autocomplete_in_en,web designer goa,https://suggestqueries.google.com/complete/search?client=firefox&hl=en&gl=in&q=web%20designer%20goa,2026-08-30,mapped_needs_volume_validation,goa_specialist,https://webdesigncompanygoa.in/,,,,Use one authoritative homepage; do not create separate pages for wording variants.
website design in goa,core_web_design_goa,commercial_transactional,decision,Goa,/,homepage,primary_and_close_variants,P0,strategic_expansion_validate,,,,mapped_needs_volume_validation,goa_specialist,https://webdesigncompanygoa.in/,,,,Use one authoritative homepage; do not create separate pages for wording variants.
web design in goa,core_web_design_goa,commercial_transactional,decision,Goa,/,homepage,primary_and_close_variants,P0,strategic_expansion_validate,,,,mapped_needs_volume_validation,goa_specialist,https://webdesigncompanygoa.in/,,,,Use one authoritative homepage; do not create separate pages for wording variants.
website design goa,core_web_design_goa,commercial_transactional,decision,Goa,/,homepage,primary_and_close_variants,P0,strategic_expansion_validate,,,,mapped_needs_volume_validation,goa_specialist,https://webdesigncompanygoa.in/,,,,Use one authoritative homepage; do not create separate pages for wording variants.
web design goa,core_web_design_goa,commercial_transactional,decision,Goa,/,homepage,primary_and_close_variants,P0,strategic_expansion_validate,,,,mapped_needs_volume_validation,goa_specialist,https://webdesigncompanygoa.in/,,,,Use one authoritative homepage; do not create separate pages for wording variants.
professional website design company in goa,core_web_design_goa,commercial_transactional,decision,Goa,/,homepage,primary_and_close_variants,P0,strategic_expansion_validate,,,,mapped_needs_volume_validation,goa_specialist,https://webdesigncompanygoa.in/,,,,Use one authoritative homepage; do not create separate pages for wording variants.
creative web design agency goa,core_web_design_goa,commercial_transactional,decision,Goa,/,homepage,primary_and_close_variants,P0,strategic_expansion_validate,,,,mapped_needs_volume_validation,goa_specialist,https://webdesigncompanygoa.in/,,,,Use one authoritative homepage; do not create separate pages for wording variants.
custom website design company in goa,core_web_design_goa,commercial_transactional,decision,Goa,/,homepage,primary_and_close_variants,P0,strategic_expansion_validate,,,,mapped_needs_volume_validation,goa_specialist,https://webdesigncompanygoa.in/,,,,Use one authoritative homepage; do not create separate pages for wording variants.
responsive web design company in goa,core_web_design_goa,commercial_transactional,decision,Goa,/,homepage,primary_and_close_variants,P0,strategic_expansion_validate,,,,mapped_needs_volume_validation,goa_specialist,https://webdesigncompanygoa.in/,,,,Use one authoritative homepage; do not create separate pages for wording variants.
mobile friendly website design goa,core_web_design_goa,commercial_transactional,decision,Goa,/,homepage,primary_and_close_variants,P0,strategic_expansion_validate,,,,mapped_needs_volume_validation,goa_specialist,https://webdesigncompanygoa.in/,,,,Use one authoritative homepage; do not create separate pages for wording variants.
seo friendly website design goa,core_web_design_goa,commercial_transactional,decision,Goa,/,homepage,primary_and_close_variants,P0,serp_observed,ecommerce website development in Goa,https://dreamlogic.in/,2026-08-30,mapped_needs_volume_validation,goa_specialist,https://webdesigncompanygoa.in/,,,,Use one authoritative homepage; do not create separate pages for wording variants.
business website design company in goa,core_web_design_goa,commercial_transactional,decision,Goa,/,homepage,primary_and_close_variants,P0,strategic_expansion_validate,,,,mapped_needs_volume_validation,goa_specialist,https://webdesigncompanygoa.in/,,,,Use one authoritative homepage; do not create separate pages for wording variants.
corporate website design company in goa,core_web_design_goa,commercial_transactional,decision,Goa,/,homepage,primary_and_close_variants,P0,strategic_expansion_validate,,,,mapped_needs_volume_validation,goa_specialist,https://webdesigncompanygoa.in/,,,,Use one authoritative homepage; do not create separate pages for wording variants.
small business website design goa,core_web_design_goa,commercial_transactional,decision,Goa,/,homepage,primary_and_close_variants,P0,strategic_expansion_validate,,,,mapped_needs_volume_validation,goa_specialist,https://webdesigncompanygoa.in/,,,,Use one authoritative homepage; do not create separate pages for wording variants.
startup website design company goa,core_web_design_goa,commercial_transactional,decision,Goa,/,homepage,primary_and_close_variants,P0,strategic_expansion_validate,,,,mapped_needs_volume_validation,goa_specialist,https://webdesigncompanygoa.in/,,,,Use one authoritative homepage; do not create separate pages for wording variants.
goa website design services,core_web_design_goa,commercial_transactional,decision,Goa,/,homepage,primary_and_close_variants,P0,strategic_expansion_validate,,,,mapped_needs_volume_validation,goa_specialist,https://webdesigncompanygoa.in/,,,,Use one authoritative homepage; do not create separate pages for wording variants.
website design services in goa,core_web_design_goa,commercial_transactional,decision,Goa,/,homepage,primary_and_close_variants,P0,strategic_expansion_validate,,,,mapped_needs_volume_validation,goa_specialist,https://webdesigncompanygoa.in/,,,,Use one authoritative homepage; do not create separate pages for wording variants.
web designing services in goa,core_web_design_goa,commercial_transactional,decision,Goa,/,homepage,primary_and_close_variants,P0,strategic_expansion_validate,,,,mapped_needs_volume_validation,goa_specialist,https://webdesigncompanygoa.in/,,,,Use one authoritative homepage; do not create separate pages for wording variants.
top web design company in goa,comparison_and_quality_modifiers,commercial_investigation,consideration,Goa,/,homepage,secondary,P1,user_seed,User brief,,2026-08-30,mapped_needs_volume_validation,goa_specialist,https://webdesigncompanygoa.in/,,,,"Support only with verifiable proof such as portfolio, reviews, process, and case studies; never make unsupported superlative claims."
best web design company in goa,comparison_and_quality_modifiers,commercial_investigation,consideration,Goa,/,homepage,secondary,P1,strategic_expansion_validate,,,,mapped_needs_volume_validation,goa_specialist,https://webdesigncompanygoa.in/,,,,"Support only with verifiable proof such as portfolio, reviews, process, and case studies; never make unsupported superlative claims."
best website design company in goa,comparison_and_quality_modifiers,commercial_investigation,consideration,Goa,/,homepage,secondary,P1,strategic_expansion_validate,,,,mapped_needs_volume_validation,goa_specialist,https://webdesigncompanygoa.in/,,,,"Support only with verifiable proof such as portfolio, reviews, process, and case studies; never make unsupported superlative claims."
top website design company in goa,comparison_and_quality_modifiers,commercial_investigation,consideration,Goa,/,homepage,secondary,P1,strategic_expansion_validate,,,,mapped_needs_volume_validation,goa_specialist,https://webdesigncompanygoa.in/,,,,"Support only with verifiable proof such as portfolio, reviews, process, and case studies; never make unsupported superlative claims."
leading web design company in goa,comparison_and_quality_modifiers,commercial_investigation,consideration,Goa,/,homepage,secondary,P1,strategic_expansion_validate,,,,mapped_needs_volume_validation,goa_specialist,https://webdesigncompanygoa.in/,,,,"Support only with verifiable proof such as portfolio, reviews, process, and case studies; never make unsupported superlative claims."
top website designing agency in goa,comparison_and_quality_modifiers,commercial_investigation,consideration,Goa,/,homepage,secondary,P1,strategic_expansion_validate,,,,mapped_needs_volume_validation,goa_specialist,https://webdesigncompanygoa.in/,,,,"Support only with verifiable proof such as portfolio, reviews, process, and case studies; never make unsupported superlative claims."
best website designing agency in goa,comparison_and_quality_modifiers,commercial_investigation,consideration,Goa,/,homepage,secondary,P1,strategic_expansion_validate,,,,mapped_needs_volume_validation,goa_specialist,https://webdesigncompanygoa.in/,,,,"Support only with verifiable proof such as portfolio, reviews, process, and case studies; never make unsupported superlative claims."
best web designers in goa,comparison_and_quality_modifiers,commercial_investigation,consideration,Goa,/,homepage,secondary,P1,strategic_expansion_validate,,,,mapped_needs_volume_validation,goa_specialist,https://webdesigncompanygoa.in/,,,,"Support only with verifiable proof such as portfolio, reviews, process, and case studies; never make unsupported superlative claims."
top web designers in goa,comparison_and_quality_modifiers,commercial_investigation,consideration,Goa,/,homepage,secondary,P1,strategic_expansion_validate,,,,mapped_needs_volume_validation,goa_specialist,https://webdesigncompanygoa.in/,,,,"Support only with verifiable proof such as portfolio, reviews, process, and case studies; never make unsupported superlative claims."
award winning web design company goa,comparison_and_quality_modifiers,commercial_investigation,consideration,Goa,/,homepage,secondary,P1,strategic_expansion_validate,,,,mapped_needs_volume_validation,goa_specialist,https://webdesigncompanygoa.in/,,,,"Support only with verifiable proof such as portfolio, reviews, process, and case studies; never make unsupported superlative claims."
trusted website design company goa,comparison_and_quality_modifiers,commercial_investigation,consideration,Goa,/,homepage,secondary,P1,strategic_expansion_validate,,,,mapped_needs_volume_validation,goa_specialist,https://webdesigncompanygoa.in/,,,,"Support only with verifiable proof such as portfolio, reviews, process, and case studies; never make unsupported superlative claims."
reliable web design company goa,comparison_and_quality_modifiers,commercial_investigation,consideration,Goa,/,homepage,secondary,P1,strategic_expansion_validate,,,,mapped_needs_volume_validation,goa_specialist,https://webdesigncompanygoa.in/,,,,"Support only with verifiable proof such as portfolio, reviews, process, and case studies; never make unsupported superlative claims."
premium website design agency goa,comparison_and_quality_modifiers,commercial_investigation,consideration,Goa,/,homepage,secondary,P1,strategic_expansion_validate,,,,mapped_needs_volume_validation,goa_specialist,https://webdesigncompanygoa.in/,,,,"Support only with verifiable proof such as portfolio, reviews, process, and case studies; never make unsupported superlative claims."
website development company in goa,website_development_goa,commercial_transactional,decision,Goa,/website-development-goa/,service_page,primary_and_secondary,P0,google_autocomplete_in_en,website development company goa,https://suggestqueries.google.com/complete/search?client=firefox&hl=en&gl=in&q=website%20development%20company%20goa,2026-08-30,mapped_needs_volume_validation,goa_specialist,https://webdesigncompanygoa.in/website-development-goa/,,,,
web development company in goa,website_development_goa,commercial_transactional,decision,Goa,/website-development-goa/,service_page,primary_and_secondary,P0,strategic_expansion_validate,,,,mapped_needs_volume_validation,goa_specialist,https://webdesigncompanygoa.in/website-development-goa/,,,,
website development company goa,website_development_goa,commercial_transactional,decision,Goa,/website-development-goa/,service_page,primary_and_secondary,P0,strategic_expansion_validate,,,,mapped_needs_volume_validation,goa_specialist,https://webdesigncompanygoa.in/website-development-goa/,,,,
web development agency goa,website_development_goa,commercial_transactional,decision,Goa,/website-development-goa/,service_page,primary_and_secondary,P0,strategic_expansion_validate,,,,mapped_needs_volume_validation,goa_specialist,https://webdesigncompanygoa.in/website-development-goa/,,,,
website development agency in goa,website_development_goa,commercial_transactional,decision,Goa,/website-development-goa/,service_page,primary_and_secondary,P0,strategic_expansion_validate,,,,mapped_needs_volume_validation,goa_specialist,https://webdesigncompanygoa.in/website-development-goa/,,,,
website development services in goa,website_development_goa,commercial_transactional,decision,Goa,/website-development-goa/,service_page,primary_and_secondary,P0,strategic_expansion_validate,,,,mapped_needs_volume_validation,goa_specialist,https://webdesigncompanygoa.in/website-development-goa/,,,,
web development services goa,website_development_goa,commercial_transactional,decision,Goa,/website-development-goa/,service_page,primary_and_secondary,P0,strategic_expansion_validate,,,,mapped_needs_volume_validation,goa_specialist,https://webdesigncompanygoa.in/website-development-goa/,,,,
website developer in goa,website_development_goa,commercial_transactional,decision,Goa,/website-development-goa/,service_page,primary_and_secondary,P0,strategic_expansion_validate,,,,mapped_needs_volume_validation,goa_specialist,https://webdesigncompanygoa.in/website-development-goa/,,,,
web developer in goa,website_development_goa,commercial_transactional,decision,Goa,/website-development-goa/,service_page,primary_and_secondary,P0,strategic_expansion_validate,,,,mapped_needs_volume_validation,goa_specialist,https://webdesigncompanygoa.in/website-development-goa/,,,,
website developer goa,website_development_goa,commercial_transactional,decision,Goa,/website-development-goa/,service_page,primary_and_secondary,P0,google_autocomplete_in_en,web designer goa,https://suggestqueries.google.com/complete/search?client=firefox&hl=en&gl=in&q=web%20designer%20goa,2026-08-30,mapped_needs_volume_validation,goa_specialist,https://webdesigncompanygoa.in/website-development-goa/,,,,
web developer goa,website_development_goa,commercial_transactional,decision,Goa,/website-development-goa/,service_page,primary_and_secondary,P0,google_autocomplete_in_en,web designer goa,https://suggestqueries.google.com/complete/search?client=firefox&hl=en&gl=in&q=web%20designer%20goa,2026-08-30,mapped_needs_volume_validation,goa_specialist,https://webdesigncompanygoa.in/website-development-goa/,,,,
website developers in goa,website_development_goa,commercial_transactional,decision,Goa,/website-development-goa/,service_page,primary_and_secondary,P0,strategic_expansion_validate,,,,mapped_needs_volume_validation,goa_specialist,https://webdesigncompanygoa.in/website-development-goa/,,,,
web developers in goa,website_development_goa,commercial_transactional,decision,Goa,/website-development-goa/,service_page,primary_and_secondary,P0,strategic_expansion_validate,,,,mapped_needs_volume_validation,goa_specialist,https://webdesigncompanygoa.in/website-development-goa/,,,,
best website development company in goa,website_development_goa,commercial_transactional,decision,Goa,/website-development-goa/,service_page,primary_and_secondary,P0,google_autocomplete_in_en,website development company goa,https://suggestqueries.google.com/complete/search?client=firefox&hl=en&gl=in&q=website%20development%20company%20goa,2026-08-30,mapped_needs_volume_validation,goa_specialist,https://webdesigncompanygoa.in/website-development-goa/,,,,
best web development company in goa,website_development_goa,commercial_transactional,decision,Goa,/website-development-goa/,service_page,primary_and_secondary,P0,strategic_expansion_validate,,,,mapped_needs_volume_validation,goa_specialist,https://webdesigncompanygoa.in/website-development-goa/,,,,
best website development agency in goa,website_development_goa,commercial_transactional,decision,Goa,/website-development-goa/,service_page,primary_and_secondary,P0,serp_observed,website designing agency in Goa,https://brandemic.in/best-website-development-agency-in-goa,2026-08-30,mapped_needs_volume_validation,goa_specialist,https://webdesigncompanygoa.in/website-development-goa/,,,,
custom web development company goa,website_development_goa,commercial_transactional,decision,Goa,/website-development-goa/,service_page,primary_and_secondary,P0,strategic_expansion_validate,,,,mapped_needs_volume_validation,goa_specialist,https://webdesigncompanygoa.in/website-development-goa/,,,,
full stack web development goa,website_development_goa,commercial_transactional,decision,Goa,/website-development-goa/,service_page,primary_and_secondary,P0,strategic_expansion_validate,,,,mapped_needs_volume_validation,goa_specialist,https://webdesigncompanygoa.in/website-development-goa/,,,,
dynamic website development goa,website_development_goa,commercial_transactional,decision,Goa,/website-development-goa/,service_page,primary_and_secondary,P0,strategic_expansion_validate,,,,mapped_needs_volume_validation,goa_specialist,https://webdesigncompanygoa.in/website-development-goa/,,,,
static website development goa,website_development_goa,commercial_transactional,decision,Goa,/website-development-goa/,service_page,primary_and_secondary,P0,strategic_expansion_validate,,,,mapped_needs_volume_validation,goa_specialist,https://webdesigncompanygoa.in/website-development-goa/,,,,
cms website development goa,website_development_goa,commercial_transactional,decision,Goa,/website-development-goa/,service_page,primary_and_secondary,P0,strategic_expansion_validate,,,,mapped_needs_volume_validation,goa_specialist,https://webdesigncompanygoa.in/website-development-goa/,,,,
web application development company goa,website_development_goa,commercial_transactional,decision,Goa,/website-development-goa/,service_page,primary_and_secondary,P0,strategic_expansion_validate,,,,mapped_needs_volume_validation,goa_specialist,https://webdesigncompanygoa.in/website-development-goa/,,,,
ecommerce website development company in goa,ecommerce_website_development,commercial_transactional,decision,Goa,/ecommerce-website-development-goa/,service_page,primary_and_secondary,P0,strategic_expansion_validate,,,,mapped_needs_volume_validation,goa_specialist,https://webdesigncompanygoa.in/ecommerce-website-development-goa/,,,,
ecommerce web development in goa,ecommerce_website_development,commercial_transactional,decision,Goa,/ecommerce-website-development-goa/,service_page,primary_and_secondary,P0,serp_observed,ecommerce website development in Goa,https://www.codezion.com/in/goa/,2026-08-30,mapped_needs_volume_validation,goa_specialist,https://webdesigncompanygoa.in/ecommerce-website-development-goa/,,,,
ecommerce website design goa,ecommerce_website_development,commercial_transactional,decision,Goa,/ecommerce-website-development-goa/,service_page,primary_and_secondary,P0,strategic_expansion_validate,,,,mapped_needs_volume_validation,goa_specialist,https://webdesigncompanygoa.in/ecommerce-website-development-goa/,,,,
online store development goa,ecommerce_website_development,commercial_transactional,decision,Goa,/ecommerce-website-development-goa/,service_page,primary_and_secondary,P0,strategic_expansion_validate,,,,mapped_needs_volume_validation,goa_specialist,https://webdesigncompanygoa.in/ecommerce-website-development-goa/,,,,
ecommerce website designer goa,ecommerce_website_development,commercial_transactional,decision,Goa,/ecommerce-website-development-goa/,service_page,primary_and_secondary,P0,strategic_expansion_validate,,,,mapped_needs_volume_validation,goa_specialist,https://webdesigncompanygoa.in/ecommerce-website-development-goa/,,,,
ecommerce website developer goa,ecommerce_website_development,commercial_transactional,decision,Goa,/ecommerce-website-development-goa/,service_page,primary_and_secondary,P0,strategic_expansion_validate,,,,mapped_needs_volume_validation,goa_specialist,https://webdesigncompanygoa.in/ecommerce-website-development-goa/,,,,
woocommerce development company goa,ecommerce_website_development,commercial_transactional,decision,Goa,/ecommerce-website-development-goa/,service_page,primary_and_secondary,P0,strategic_expansion_validate,,,,mapped_needs_volume_validation,goa_specialist,https://webdesigncompanygoa.in/ecommerce-website-development-goa/,,,,
shopify website design company goa,ecommerce_website_development,commercial_transactional,decision,Goa,/ecommerce-website-development-goa/,service_page,primary_and_secondary,P0,strategic_expansion_validate,,,,mapped_needs_volume_validation,goa_specialist,https://webdesigncompanygoa.in/ecommerce-website-development-goa/,,,,
shopify developer in goa,ecommerce_website_development,commercial_transactional,decision,Goa,/ecommerce-website-development-goa/,service_page,primary_and_secondary,P0,strategic_expansion_validate,,,,mapped_needs_volume_validation,goa_specialist,https://webdesigncompanygoa.in/ecommerce-website-development-goa/,,,,
online shopping website development goa,ecommerce_website_development,commercial_transactional,decision,Goa,/ecommerce-website-development-goa/,service_page,primary_and_secondary,P0,strategic_expansion_validate,,,,mapped_needs_volume_validation,goa_specialist,https://webdesigncompanygoa.in/ecommerce-website-development-goa/,,,,
payment gateway integration goa,ecommerce_website_development,commercial_transactional,decision,Goa,/ecommerce-website-development-goa/,service_page,primary_and_secondary,P0,strategic_expansion_validate,,,,mapped_needs_volume_validation,goa_specialist,https://webdesigncompanygoa.in/ecommerce-website-development-goa/,,,,
b2b ecommerce website development goa,ecommerce_website_development,commercial_transactional,decision,Goa,/ecommerce-website-development-goa/,service_page,primary_and_secondary,P0,strategic_expansion_validate,,,,mapped_needs_volume_validation,goa_specialist,https://webdesigncompanygoa.in/ecommerce-website-development-goa/,,,,
d2c ecommerce website design goa,ecommerce_website_development,commercial_transactional,decision,Goa,/ecommerce-website-development-goa/,service_page,primary_and_secondary,P0,strategic_expansion_validate,,,,mapped_needs_volume_validation,goa_specialist,https://webdesigncompanygoa.in/ecommerce-website-development-goa/,,,,
wordpress website design company in goa,wordpress_website_design,commercial_transactional,decision,Goa,/wordpress-website-design-goa/,service_page,primary_and_secondary,P1,strategic_expansion_validate,,,,mapped_needs_volume_validation,goa_specialist,https://webdesigncompanygoa.in/wordpress-website-design-goa/,,,,
wordpress web design goa,wordpress_website_design,commercial_transactional,decision,Goa,/wordpress-website-design-goa/,service_page,primary_and_secondary,P1,strategic_expansion_validate,,,,mapped_needs_volume_validation,goa_specialist,https://webdesigncompanygoa.in/wordpress-website-design-goa/,,,,
wordpress development company goa,wordpress_website_design,commercial_transactional,decision,Goa,/wordpress-website-design-goa/,service_page,primary_and_secondary,P1,strategic_expansion_validate,,,,mapped_needs_volume_validation,goa_specialist,https://webdesigncompanygoa.in/wordpress-website-design-goa/,,,,
wordpress developer in goa,wordpress_website_design,commercial_transactional,decision,Goa,/wordpress-website-design-goa/,service_page,primary_and_secondary,P1,strategic_expansion_validate,,,,mapped_needs_volume_validation,goa_specialist,https://webdesigncompanygoa.in/wordpress-website-design-goa/,,,,
wordpress website developer goa,wordpress_website_design,commercial_transactional,decision,Goa,/wordpress-website-design-goa/,service_page,primary_and_secondary,P1,strategic_expansion_validate,,,,mapped_needs_volume_validation,goa_specialist,https://webdesigncompanygoa.in/wordpress-website-design-goa/,,,,
custom wordpress website goa,wordpress_website_design,commercial_transactional,decision,Goa,/wordpress-website-design-goa/,service_page,primary_and_secondary,P1,strategic_expansion_validate,,,,mapped_needs_volume_validation,goa_specialist,https://webdesigncompanygoa.in/wordpress-website-design-goa/,,,,
woocommerce developer in goa,wordpress_website_design,commercial_transactional,decision,Goa,/wordpress-website-design-goa/,service_page,primary_and_secondary,P1,strategic_expansion_validate,,,,mapped_needs_volume_validation,goa_specialist,https://webdesigncompanygoa.in/wordpress-website-design-goa/,,,,
wordpress maintenance goa,wordpress_website_design,commercial_transactional,decision,Goa,/wordpress-website-design-goa/,service_page,primary_and_secondary,P1,strategic_expansion_validate,,,,mapped_needs_volume_validation,goa_specialist,https://webdesigncompanygoa.in/wordpress-website-design-goa/,,,,
wordpress seo services goa,wordpress_website_design,commercial_transactional,decision,Goa,/wordpress-website-design-goa/,service_page,primary_and_secondary,P1,strategic_expansion_validate,,,,mapped_needs_volume_validation,goa_specialist,https://webdesigncompanygoa.in/wordpress-website-design-goa/,,,,
website redesign company in goa,website_redesign,commercial_transactional,decision,Goa,/website-redesign-goa/,service_page,primary_and_secondary,P1,strategic_expansion_validate,,,,mapped_needs_volume_validation,goa_specialist,https://webdesigncompanygoa.in/website-redesign-goa/,,,,
website redesign services goa,website_redesign,commercial_transactional,decision,Goa,/website-redesign-goa/,service_page,primary_and_secondary,P1,strategic_expansion_validate,,,,mapped_needs_volume_validation,goa_specialist,https://webdesigncompanygoa.in/website-redesign-goa/,,,,
web redesign agency goa,website_redesign,commercial_transactional,decision,Goa,/website-redesign-goa/,service_page,primary_and_secondary,P1,strategic_expansion_validate,,,,mapped_needs_volume_validation,goa_specialist,https://webdesigncompanygoa.in/website-redesign-goa/,,,,
business website redesign goa,website_redesign,commercial_transactional,decision,Goa,/website-redesign-goa/,service_page,primary_and_secondary,P1,strategic_expansion_validate,,,,mapped_needs_volume_validation,goa_specialist,https://webdesigncompanygoa.in/website-redesign-goa/,,,,
wordpress website redesign goa,website_redesign,commercial_transactional,decision,Goa,/website-redesign-goa/,service_page,primary_and_secondary,P1,strategic_expansion_validate,,,,mapped_needs_volume_validation,goa_specialist,https://webdesigncompanygoa.in/website-redesign-goa/,,,,
ecommerce website redesign goa,website_redesign,commercial_transactional,decision,Goa,/website-redesign-goa/,service_page,primary_and_secondary,P1,strategic_expansion_validate,,,,mapped_needs_volume_validation,goa_specialist,https://webdesigncompanygoa.in/website-redesign-goa/,,,,
modernize old website goa,website_redesign,commercial_transactional,decision,Goa,/website-redesign-goa/,service_page,primary_and_secondary,P1,strategic_expansion_validate,,,,mapped_needs_volume_validation,goa_specialist,https://webdesigncompanygoa.in/website-redesign-goa/,,,,
website revamp company goa,website_redesign,commercial_transactional,decision,Goa,/website-redesign-goa/,service_page,primary_and_secondary,P1,strategic_expansion_validate,,,,mapped_needs_volume_validation,goa_specialist,https://webdesigncompanygoa.in/website-redesign-goa/,,,,
website migration services goa,website_redesign,commercial_transactional,decision,Goa,/website-redesign-goa/,service_page,primary_and_secondary,P1,strategic_expansion_validate,,,,mapped_needs_volume_validation,goa_specialist,https://webdesigncompanygoa.in/website-redesign-goa/,,,,
responsive website redesign goa,website_redesign,commercial_transactional,decision,Goa,/website-redesign-goa/,service_page,primary_and_secondary,P1,strategic_expansion_validate,,,,mapped_needs_volume_validation,goa_specialist,https://webdesigncompanygoa.in/website-redesign-goa/,,,,
seo website redesign goa,website_redesign,commercial_transactional,decision,Goa,/website-redesign-goa/,service_page,primary_and_secondary,P1,strategic_expansion_validate,,,,mapped_needs_volume_validation,goa_specialist,https://webdesigncompanygoa.in/website-redesign-goa/,,,,
website maintenance services in goa,website_maintenance,commercial_transactional,decision,Goa,/website-maintenance-goa/,service_page,primary_and_secondary,P1,strategic_expansion_validate,,,,mapped_needs_volume_validation,goa_specialist,https://webdesigncompanygoa.in/website-maintenance-goa/,,,,
website maintenance company goa,website_maintenance,commercial_transactional,decision,Goa,/website-maintenance-goa/,service_page,primary_and_secondary,P1,strategic_expansion_validate,,,,mapped_needs_volume_validation,goa_specialist,https://webdesigncompanygoa.in/website-maintenance-goa/,,,,
website support services goa,website_maintenance,commercial_transactional,decision,Goa,/website-maintenance-goa/,service_page,primary_and_secondary,P1,strategic_expansion_validate,,,,mapped_needs_volume_validation,goa_specialist,https://webdesigncompanygoa.in/website-maintenance-goa/,,,,
wordpress maintenance services goa,website_maintenance,commercial_transactional,decision,Goa,/website-maintenance-goa/,service_page,primary_and_secondary,P1,strategic_expansion_validate,,,,mapped_needs_volume_validation,goa_specialist,https://webdesigncompanygoa.in/website-maintenance-goa/,,,,
website amc services goa,website_maintenance,commercial_transactional,decision,Goa,/website-maintenance-goa/,service_page,primary_and_secondary,P1,strategic_expansion_validate,,,,mapped_needs_volume_validation,goa_specialist,https://webdesigncompanygoa.in/website-maintenance-goa/,,,,
website security maintenance goa,website_maintenance,commercial_transactional,decision,Goa,/website-maintenance-goa/,service_page,primary_and_secondary,P1,strategic_expansion_validate,,,,mapped_needs_volume_validation,goa_specialist,https://webdesigncompanygoa.in/website-maintenance-goa/,,,,
website backup services goa,website_maintenance,commercial_transactional,decision,Goa,/website-maintenance-goa/,service_page,primary_and_secondary,P1,strategic_expansion_validate,,,,mapped_needs_volume_validation,goa_specialist,https://webdesigncompanygoa.in/website-maintenance-goa/,,,,
website content updates goa,website_maintenance,commercial_transactional,decision,Goa,/website-maintenance-goa/,service_page,primary_and_secondary,P1,strategic_expansion_validate,,,,mapped_needs_volume_validation,goa_specialist,https://webdesigncompanygoa.in/website-maintenance-goa/,,,,
website bug fixing goa,website_maintenance,commercial_transactional,decision,Goa,/website-maintenance-goa/,service_page,primary_and_secondary,P1,strategic_expansion_validate,,,,mapped_needs_volume_validation,goa_specialist,https://webdesigncompanygoa.in/website-maintenance-goa/,,,,
website hosting and maintenance goa,website_maintenance,commercial_transactional,decision,Goa,/website-maintenance-goa/,service_page,primary_and_secondary,P1,strategic_expansion_validate,,,,mapped_needs_volume_validation,goa_specialist,https://webdesigncompanygoa.in/website-maintenance-goa/,,,,
ongoing website support goa,website_maintenance,commercial_transactional,decision,Goa,/website-maintenance-goa/,service_page,primary_and_secondary,P1,strategic_expansion_validate,,,,mapped_needs_volume_validation,goa_specialist,https://webdesigncompanygoa.in/website-maintenance-goa/,,,,
ui ux design agency in goa,ui_ux_design,commercial_transactional,decision,Goa,/ui-ux-design-goa/,service_page,primary_and_secondary,P2,strategic_expansion_validate,,,,mapped_needs_volume_validation,goa_specialist,https://webdesigncompanygoa.in/ui-ux-design-goa/,,,,
ui ux designer goa,ui_ux_design,commercial_transactional,decision,Goa,/ui-ux-design-goa/,service_page,primary_and_secondary,P2,strategic_expansion_validate,,,,mapped_needs_volume_validation,goa_specialist,https://webdesigncompanygoa.in/ui-ux-design-goa/,,,,
user experience design company goa,ui_ux_design,commercial_transactional,decision,Goa,/ui-ux-design-goa/,service_page,primary_and_secondary,P2,strategic_expansion_validate,,,,mapped_needs_volume_validation,goa_specialist,https://webdesigncompanygoa.in/ui-ux-design-goa/,,,,
website ux audit goa,ui_ux_design,commercial_transactional,decision,Goa,/ui-ux-design-goa/,service_page,primary_and_secondary,P2,strategic_expansion_validate,,,,mapped_needs_volume_validation,goa_specialist,https://webdesigncompanygoa.in/ui-ux-design-goa/,,,,
mobile app ui ux design goa,ui_ux_design,commercial_transactional,decision,Goa,/ui-ux-design-goa/,service_page,primary_and_secondary,P2,strategic_expansion_validate,,,,mapped_needs_volume_validation,goa_specialist,https://webdesigncompanygoa.in/ui-ux-design-goa/,,,,
figma website design goa,ui_ux_design,commercial_transactional,decision,Goa,/ui-ux-design-goa/,service_page,primary_and_secondary,P2,strategic_expansion_validate,,,,mapped_needs_volume_validation,goa_specialist,https://webdesigncompanygoa.in/ui-ux-design-goa/,,,,
conversion focused web design goa,ui_ux_design,commercial_transactional,decision,Goa,/ui-ux-design-goa/,service_page,primary_and_secondary,P2,strategic_expansion_validate,,,,mapped_needs_volume_validation,goa_specialist,https://webdesigncompanygoa.in/ui-ux-design-goa/,,,,
saas product design goa,ui_ux_design,commercial_transactional,decision,Goa,/ui-ux-design-goa/,service_page,primary_and_secondary,P2,strategic_expansion_validate,,,,mapped_needs_volume_validation,goa_specialist,https://webdesigncompanygoa.in/ui-ux-design-goa/,,,,
website wireframing services goa,ui_ux_design,commercial_transactional,decision,Goa,/ui-ux-design-goa/,service_page,primary_and_secondary,P2,strategic_expansion_validate,,,,mapped_needs_volume_validation,goa_specialist,https://webdesigncompanygoa.in/ui-ux-design-goa/,,,,
website speed optimization goa,performance_and_mobile,commercial_transactional,decision,Goa,/website-speed-optimization-goa/,service_page,primary_and_secondary,P2,strategic_expansion_validate,,,,mapped_needs_volume_validation,goa_specialist,https://webdesigncompanygoa.in/website-speed-optimization-goa/,,,,
core web vitals optimization goa,performance_and_mobile,commercial_transactional,decision,Goa,/website-speed-optimization-goa/,service_page,primary_and_secondary,P2,strategic_expansion_validate,,,,mapped_needs_volume_validation,goa_specialist,https://webdesigncompanygoa.in/website-speed-optimization-goa/,,,,
mobile website design goa,performance_and_mobile,commercial_transactional,decision,Goa,/website-speed-optimization-goa/,service_page,primary_and_secondary,P2,strategic_expansion_validate,,,,mapped_needs_volume_validation,goa_specialist,https://webdesigncompanygoa.in/website-speed-optimization-goa/,,,,
responsive website design goa,performance_and_mobile,commercial_transactional,decision,Goa,/website-speed-optimization-goa/,service_page,primary_and_secondary,P2,strategic_expansion_validate,,,,mapped_needs_volume_validation,goa_specialist,https://webdesigncompanygoa.in/website-speed-optimization-goa/,,,,
fast loading website design goa,performance_and_mobile,commercial_transactional,decision,Goa,/website-speed-optimization-goa/,service_page,primary_and_secondary,P2,strategic_expansion_validate,,,,mapped_needs_volume_validation,goa_specialist,https://webdesigncompanygoa.in/website-speed-optimization-goa/,,,,
website performance audit goa,performance_and_mobile,commercial_transactional,decision,Goa,/website-speed-optimization-goa/,service_page,primary_and_secondary,P2,strategic_expansion_validate,,,,mapped_needs_volume_validation,goa_specialist,https://webdesigncompanygoa.in/website-speed-optimization-goa/,,,,
wordpress speed optimization goa,performance_and_mobile,commercial_transactional,decision,Goa,/website-speed-optimization-goa/,service_page,primary_and_secondary,P2,strategic_expansion_validate,,,,mapped_needs_volume_validation,goa_specialist,https://webdesigncompanygoa.in/website-speed-optimization-goa/,,,,
mobile first website design goa,performance_and_mobile,commercial_transactional,decision,Goa,/website-speed-optimization-goa/,service_page,primary_and_secondary,P2,strategic_expansion_validate,,,,mapped_needs_volume_validation,goa_specialist,https://webdesigncompanygoa.in/website-speed-optimization-goa/,,,,
technical website audit goa,performance_and_mobile,commercial_transactional,decision,Goa,/website-speed-optimization-goa/,service_page,primary_and_secondary,P2,strategic_expansion_validate,,,,mapped_needs_volume_validation,goa_specialist,https://webdesigncompanygoa.in/website-speed-optimization-goa/,,,,
website security audit goa,performance_and_mobile,commercial_transactional,decision,Goa,/website-speed-optimization-goa/,service_page,primary_and_secondary,P2,strategic_expansion_validate,,,,mapped_needs_volume_validation,goa_specialist,https://webdesigncompanygoa.in/website-speed-optimization-goa/,,,,
landing page design company goa,landing_pages,commercial_transactional,decision,Goa,/landing-page-design-goa/,service_page,primary_and_secondary,P2,strategic_expansion_validate,,,,mapped_needs_volume_validation,goa_specialist,https://webdesigncompanygoa.in/landing-page-design-goa/,,,,
landing page designer goa,landing_pages,commercial_transactional,decision,Goa,/landing-page-design-goa/,service_page,primary_and_secondary,P2,strategic_expansion_validate,,,,mapped_needs_volume_validation,goa_specialist,https://webdesigncompanygoa.in/landing-page-design-goa/,,,,
lead generation landing page goa,landing_pages,commercial_transactional,decision,Goa,/landing-page-design-goa/,service_page,primary_and_secondary,P2,strategic_expansion_validate,,,,mapped_needs_volume_validation,goa_specialist,https://webdesigncompanygoa.in/landing-page-design-goa/,,,,
google ads landing page design goa,landing_pages,commercial_transactional,decision,Goa,/landing-page-design-goa/,service_page,primary_and_secondary,P2,strategic_expansion_validate,,,,mapped_needs_volume_validation,goa_specialist,https://webdesigncompanygoa.in/landing-page-design-goa/,,,,
conversion landing page design goa,landing_pages,commercial_transactional,decision,Goa,/landing-page-design-goa/,service_page,primary_and_secondary,P2,strategic_expansion_validate,,,,mapped_needs_volume_validation,goa_specialist,https://webdesigncompanygoa.in/landing-page-design-goa/,,,,
product landing page design goa,landing_pages,commercial_transactional,decision,Goa,/landing-page-design-goa/,service_page,primary_and_secondary,P2,strategic_expansion_validate,,,,mapped_needs_volume_validation,goa_specialist,https://webdesigncompanygoa.in/landing-page-design-goa/,,,,
real estate landing page goa,landing_pages,commercial_transactional,decision,Goa,/landing-page-design-goa/,service_page,primary_and_secondary,P2,strategic_expansion_validate,,,,mapped_needs_volume_validation,goa_specialist,https://webdesigncompanygoa.in/landing-page-design-goa/,,,,
hotel booking landing page goa,landing_pages,commercial_transactional,decision,Goa,/landing-page-design-goa/,service_page,primary_and_secondary,P2,strategic_expansion_validate,,,,mapped_needs_volume_validation,goa_specialist,https://webdesigncompanygoa.in/landing-page-design-goa/,,,,
local seo company in goa,local_seo_and_organic_search,commercial_transactional,decision,Goa,/sanctify-facility/local-seo-services-goa/,service_page,primary_and_secondary,P0,strategic_expansion_validate,,,,mapped_needs_volume_validation,sanctify,https://www.sanctify.in/sanctify-facility/local-seo-services-goa/,,,,
local seo agency goa,local_seo_and_organic_search,commercial_transactional,decision,Goa,/sanctify-facility/local-seo-services-goa/,service_page,primary_and_secondary,P0,strategic_expansion_validate,,,,mapped_needs_volume_validation,sanctify,https://www.sanctify.in/sanctify-facility/local-seo-services-goa/,,,,
local seo services in goa,local_seo_and_organic_search,commercial_transactional,decision,Goa,/sanctify-facility/local-seo-services-goa/,service_page,primary_and_secondary,P0,google_autocomplete_in_en,local seo company goa,https://suggestqueries.google.com/complete/search?client=firefox&hl=en&gl=in&q=local%20seo%20company%20goa,2026-08-30,mapped_needs_volume_validation,sanctify,https://www.sanctify.in/sanctify-facility/local-seo-services-goa/,,,,
local seo expert goa,local_seo_and_organic_search,commercial_transactional,decision,Goa,/sanctify-facility/local-seo-services-goa/,service_page,primary_and_secondary,P0,strategic_expansion_validate,,,,mapped_needs_volume_validation,sanctify,https://www.sanctify.in/sanctify-facility/local-seo-services-goa/,,,,
local seo consultant goa,local_seo_and_organic_search,commercial_transactional,decision,Goa,/sanctify-facility/local-seo-services-goa/,service_page,primary_and_secondary,P0,strategic_expansion_validate,,,,mapped_needs_volume_validation,sanctify,https://www.sanctify.in/sanctify-facility/local-seo-services-goa/,,,,
best local seo company goa,local_seo_and_organic_search,commercial_transactional,decision,Goa,/sanctify-facility/local-seo-services-goa/,service_page,primary_and_secondary,P0,strategic_expansion_validate,,,,mapped_needs_volume_validation,sanctify,https://www.sanctify.in/sanctify-facility/local-seo-services-goa/,,,,
affordable local seo services goa,local_seo_and_organic_search,commercial_transactional,decision,Goa,/sanctify-facility/local-seo-services-goa/,service_page,primary_and_secondary,P0,strategic_expansion_validate,,,,mapped_needs_volume_validation,sanctify,https://www.sanctify.in/sanctify-facility/local-seo-services-goa/,,,,
google maps seo goa,local_seo_and_organic_search,commercial_transactional,decision,Goa,/sanctify-facility/local-seo-services-goa/,service_page,primary_and_secondary,P0,strategic_expansion_validate,,,,mapped_needs_volume_validation,sanctify,https://www.sanctify.in/sanctify-facility/local-seo-services-goa/,,,,
local search optimization goa,local_seo_and_organic_search,commercial_transactional,decision,Goa,/sanctify-facility/local-seo-services-goa/,service_page,primary_and_secondary,P0,strategic_expansion_validate,,,,mapped_needs_volume_validation,sanctify,https://www.sanctify.in/sanctify-facility/local-seo-services-goa/,,,,
local business seo goa,local_seo_and_organic_search,commercial_transactional,decision,Goa,/sanctify-facility/local-seo-services-goa/,service_page,primary_and_secondary,P0,strategic_expansion_validate,,,,mapped_needs_volume_validation,sanctify,https://www.sanctify.in/sanctify-facility/local-seo-services-goa/,,,,
seo company in goa,local_seo_and_organic_search,commercial_transactional,decision,Goa,/sanctify-facility/local-seo-services-goa/,service_page,primary_and_secondary,P0,strategic_expansion_validate,,,,mapped_needs_volume_validation,sanctify,https://www.sanctify.in/sanctify-facility/local-seo-services-goa/,,,,
seo company goa,local_seo_and_organic_search,commercial_transactional,decision,Goa,/sanctify-facility/local-seo-services-goa/,service_page,primary_and_secondary,P0,strategic_expansion_validate,,,,mapped_needs_volume_validation,sanctify,https://www.sanctify.in/sanctify-facility/local-seo-services-goa/,,,,
seo agency in goa,local_seo_and_organic_search,commercial_transactional,decision,Goa,/sanctify-facility/local-seo-services-goa/,service_page,primary_and_secondary,P0,strategic_expansion_validate,,,,mapped_needs_volume_validation,sanctify,https://www.sanctify.in/sanctify-facility/local-seo-services-goa/,,,,
seo services in goa,local_seo_and_organic_search,commercial_transactional,decision,Goa,/sanctify-facility/local-seo-services-goa/,service_page,primary_and_secondary,P0,strategic_expansion_validate,,,,mapped_needs_volume_validation,sanctify,https://www.sanctify.in/sanctify-facility/local-seo-services-goa/,,,,
seo services goa,local_seo_and_organic_search,commercial_transactional,decision,Goa,/sanctify-facility/local-seo-services-goa/,service_page,primary_and_secondary,P0,strategic_expansion_validate,,,,mapped_needs_volume_validation,sanctify,https://www.sanctify.in/sanctify-facility/local-seo-services-goa/,,,,
best seo company in goa,local_seo_and_organic_search,commercial_transactional,decision,Goa,/sanctify-facility/local-seo-services-goa/,service_page,primary_and_secondary,P0,strategic_expansion_validate,,,,mapped_needs_volume_validation,sanctify,https://www.sanctify.in/sanctify-facility/local-seo-services-goa/,,,,
top seo company in goa,local_seo_and_organic_search,commercial_transactional,decision,Goa,/sanctify-facility/local-seo-services-goa/,service_page,primary_and_secondary,P0,strategic_expansion_validate,,,,mapped_needs_volume_validation,sanctify,https://www.sanctify.in/sanctify-facility/local-seo-services-goa/,,,,
search engine optimization company goa,local_seo_and_organic_search,commercial_transactional,decision,Goa,/sanctify-facility/local-seo-services-goa/,service_page,primary_and_secondary,P0,strategic_expansion_validate,,,,mapped_needs_volume_validation,sanctify,https://www.sanctify.in/sanctify-facility/local-seo-services-goa/,,,,
organic seo services goa,local_seo_and_organic_search,commercial_transactional,decision,Goa,/sanctify-facility/local-seo-services-goa/,service_page,primary_and_secondary,P0,strategic_expansion_validate,,,,mapped_needs_volume_validation,sanctify,https://www.sanctify.in/sanctify-facility/local-seo-services-goa/,,,,
small business seo goa,local_seo_and_organic_search,commercial_transactional,decision,Goa,/sanctify-facility/local-seo-services-goa/,service_page,primary_and_secondary,P0,strategic_expansion_validate,,,,mapped_needs_volume_validation,sanctify,https://www.sanctify.in/sanctify-facility/local-seo-services-goa/,,,,
hotel seo services goa,local_seo_and_organic_search,commercial_transactional,decision,Goa,/sanctify-facility/local-seo-services-goa/,service_page,primary_and_secondary,P0,strategic_expansion_validate,,,,mapped_needs_volume_validation,sanctify,https://www.sanctify.in/sanctify-facility/local-seo-services-goa/,,,,
restaurant seo services goa,local_seo_and_organic_search,commercial_transactional,decision,Goa,/sanctify-facility/local-seo-services-goa/,service_page,primary_and_secondary,P0,strategic_expansion_validate,,,,mapped_needs_volume_validation,sanctify,https://www.sanctify.in/sanctify-facility/local-seo-services-goa/,,,,
real estate seo goa,local_seo_and_organic_search,commercial_transactional,decision,Goa,/sanctify-facility/local-seo-services-goa/,service_page,primary_and_secondary,P0,strategic_expansion_validate,,,,mapped_needs_volume_validation,sanctify,https://www.sanctify.in/sanctify-facility/local-seo-services-goa/,,,,
tourism seo agency goa,local_seo_and_organic_search,commercial_transactional,decision,Goa,/sanctify-facility/local-seo-services-goa/,service_page,primary_and_secondary,P0,strategic_expansion_validate,,,,mapped_needs_volume_validation,sanctify,https://www.sanctify.in/sanctify-facility/local-seo-services-goa/,,,,
google business profile optimization goa,google_business_profile,commercial_transactional,decision,Goa,/local-seo-google-business-profile-goa/,service_and_guide_page,primary_and_secondary,P1,strategic_expansion_validate,,,,mapped_needs_volume_validation,sanctify,https://www.sanctify.in/local-seo-google-business-profile-goa/,,,,
google business profile management goa,google_business_profile,commercial_transactional,decision,Goa,/local-seo-google-business-profile-goa/,service_and_guide_page,primary_and_secondary,P1,strategic_expansion_validate,,,,mapped_needs_volume_validation,sanctify,https://www.sanctify.in/local-seo-google-business-profile-goa/,,,,
google business profile setup goa,google_business_profile,commercial_transactional,decision,Goa,/local-seo-google-business-profile-goa/,service_and_guide_page,primary_and_secondary,P1,strategic_expansion_validate,,,,mapped_needs_volume_validation,sanctify,https://www.sanctify.in/local-seo-google-business-profile-goa/,,,,
google my business optimization goa,google_business_profile,commercial_transactional,decision,Goa,/local-seo-google-business-profile-goa/,service_and_guide_page,primary_and_secondary,P1,strategic_expansion_validate,,,,mapped_needs_volume_validation,sanctify,https://www.sanctify.in/local-seo-google-business-profile-goa/,,,,
google my business management goa,google_business_profile,commercial_transactional,decision,Goa,/local-seo-google-business-profile-goa/,service_and_guide_page,primary_and_secondary,P1,strategic_expansion_validate,,,,mapped_needs_volume_validation,sanctify,https://www.sanctify.in/local-seo-google-business-profile-goa/,,,,
google maps ranking services goa,google_business_profile,commercial_transactional,decision,Goa,/local-seo-google-business-profile-goa/,service_and_guide_page,primary_and_secondary,P1,strategic_expansion_validate,,,,mapped_needs_volume_validation,sanctify,https://www.sanctify.in/local-seo-google-business-profile-goa/,,,,
google maps marketing goa,google_business_profile,commercial_transactional,decision,Goa,/local-seo-google-business-profile-goa/,service_and_guide_page,primary_and_secondary,P1,strategic_expansion_validate,,,,mapped_needs_volume_validation,sanctify,https://www.sanctify.in/local-seo-google-business-profile-goa/,,,,
google map listing optimization goa,google_business_profile,commercial_transactional,decision,Goa,/local-seo-google-business-profile-goa/,service_and_guide_page,primary_and_secondary,P1,strategic_expansion_validate,,,,mapped_needs_volume_validation,sanctify,https://www.sanctify.in/local-seo-google-business-profile-goa/,,,,
gmb optimization services goa,google_business_profile,commercial_transactional,decision,Goa,/local-seo-google-business-profile-goa/,service_and_guide_page,primary_and_secondary,P1,strategic_expansion_validate,,,,mapped_needs_volume_validation,sanctify,https://www.sanctify.in/local-seo-google-business-profile-goa/,,,,
gbp optimization services goa,google_business_profile,commercial_transactional,decision,Goa,/local-seo-google-business-profile-goa/,service_and_guide_page,primary_and_secondary,P1,strategic_expansion_validate,,,,mapped_needs_volume_validation,sanctify,https://www.sanctify.in/local-seo-google-business-profile-goa/,,,,
local citation building goa,google_business_profile,commercial_transactional,decision,Goa,/local-seo-google-business-profile-goa/,service_and_guide_page,primary_and_secondary,P1,strategic_expansion_validate,,,,mapped_needs_volume_validation,sanctify,https://www.sanctify.in/local-seo-google-business-profile-goa/,,,,
local business listings goa,google_business_profile,commercial_transactional,decision,Goa,/local-seo-google-business-profile-goa/,service_and_guide_page,primary_and_secondary,P1,strategic_expansion_validate,,,,mapped_needs_volume_validation,sanctify,https://www.sanctify.in/local-seo-google-business-profile-goa/,,,,
nap citation audit goa,google_business_profile,commercial_transactional,decision,Goa,/local-seo-google-business-profile-goa/,service_and_guide_page,primary_and_secondary,P1,strategic_expansion_validate,,,,mapped_needs_volume_validation,sanctify,https://www.sanctify.in/local-seo-google-business-profile-goa/,,,,
google review management goa,google_business_profile,commercial_transactional,decision,Goa,/local-seo-google-business-profile-goa/,service_and_guide_page,primary_and_secondary,P1,strategic_expansion_validate,,,,mapped_needs_volume_validation,sanctify,https://www.sanctify.in/local-seo-google-business-profile-goa/,,,,
local seo audit goa,google_business_profile,commercial_transactional,decision,Goa,/local-seo-google-business-profile-goa/,service_and_guide_page,primary_and_secondary,P1,strategic_expansion_validate,,,,mapped_needs_volume_validation,sanctify,https://www.sanctify.in/local-seo-google-business-profile-goa/,,,,
google business profile audit goa,google_business_profile,commercial_transactional,decision,Goa,/local-seo-google-business-profile-goa/,service_and_guide_page,primary_and_secondary,P1,strategic_expansion_validate,,,,mapped_needs_volume_validation,sanctify,https://www.sanctify.in/local-seo-google-business-profile-goa/,,,,
local rank tracking goa,google_business_profile,commercial_transactional,decision,Goa,/local-seo-google-business-profile-goa/,service_and_guide_page,primary_and_secondary,P1,strategic_expansion_validate,,,,mapped_needs_volume_validation,sanctify,https://www.sanctify.in/local-seo-google-business-profile-goa/,,,,
website design cost in goa,pricing_and_packages,commercial_investigation,consideration,Goa,/website-design-cost-goa/,commercial_guide,primary_and_secondary,P1,strategic_expansion_validate,,,,mapped_needs_volume_validation,goa_specialist,https://webdesigncompanygoa.in/website-design-cost-goa/,,,,Publish transparent ranges and scope factors only after commercial pricing is approved.
website design price in goa,pricing_and_packages,commercial_investigation,consideration,Goa,/website-design-cost-goa/,commercial_guide,primary_and_secondary,P1,strategic_expansion_validate,,,,mapped_needs_volume_validation,goa_specialist,https://webdesigncompanygoa.in/website-design-cost-goa/,,,,Publish transparent ranges and scope factors only after commercial pricing is approved.
website design packages goa,pricing_and_packages,commercial_investigation,consideration,Goa,/website-design-cost-goa/,commercial_guide,primary_and_secondary,P1,strategic_expansion_validate,,,,mapped_needs_volume_validation,goa_specialist,https://webdesigncompanygoa.in/website-design-cost-goa/,,,,Publish transparent ranges and scope factors only after commercial pricing is approved.
web design charges in goa,pricing_and_packages,commercial_investigation,consideration,Goa,/website-design-cost-goa/,commercial_guide,primary_and_secondary,P1,strategic_expansion_validate,,,,mapped_needs_volume_validation,goa_specialist,https://webdesigncompanygoa.in/website-design-cost-goa/,,,,Publish transparent ranges and scope factors only after commercial pricing is approved.
website development cost in goa,pricing_and_packages,commercial_investigation,consideration,Goa,/website-design-cost-goa/,commercial_guide,primary_and_secondary,P1,strategic_expansion_validate,,,,mapped_needs_volume_validation,goa_specialist,https://webdesigncompanygoa.in/website-design-cost-goa/,,,,Publish transparent ranges and scope factors only after commercial pricing is approved.
website development price goa,pricing_and_packages,commercial_investigation,consideration,Goa,/website-design-cost-goa/,commercial_guide,primary_and_secondary,P1,strategic_expansion_validate,,,,mapped_needs_volume_validation,goa_specialist,https://webdesigncompanygoa.in/website-design-cost-goa/,,,,Publish transparent ranges and scope factors only after commercial pricing is approved.
ecommerce website cost in goa,pricing_and_packages,commercial_investigation,consideration,Goa,/website-design-cost-goa/,commercial_guide,primary_and_secondary,P1,strategic_expansion_validate,,,,mapped_needs_volume_validation,goa_specialist,https://webdesigncompanygoa.in/website-design-cost-goa/,,,,Publish transparent ranges and scope factors only after commercial pricing is approved.
wordpress website cost in goa,pricing_and_packages,commercial_investigation,consideration,Goa,/website-design-cost-goa/,commercial_guide,primary_and_secondary,P1,strategic_expansion_validate,,,,mapped_needs_volume_validation,goa_specialist,https://webdesigncompanygoa.in/website-design-cost-goa/,,,,Publish transparent ranges and scope factors only after commercial pricing is approved.
small business website cost goa,pricing_and_packages,commercial_investigation,consideration,Goa,/website-design-cost-goa/,commercial_guide,primary_and_secondary,P1,strategic_expansion_validate,,,,mapped_needs_volume_validation,goa_specialist,https://webdesigncompanygoa.in/website-design-cost-goa/,,,,Publish transparent ranges and scope factors only after commercial pricing is approved.
how much does a website cost in goa,pricing_and_packages,commercial_investigation,consideration,Goa,/website-design-cost-goa/,commercial_guide,primary_and_secondary,P1,strategic_expansion_validate,,,,mapped_needs_volume_validation,goa_specialist,https://webdesigncompanygoa.in/website-design-cost-goa/,,,,Publish transparent ranges and scope factors only after commercial pricing is approved.
affordable website design company in goa,pricing_and_packages,commercial_investigation,consideration,Goa,/website-design-cost-goa/,commercial_guide,primary_and_secondary,P1,strategic_expansion_validate,,,,mapped_needs_volume_validation,goa_specialist,https://webdesigncompanygoa.in/website-design-cost-goa/,,,,Publish transparent ranges and scope factors only after commercial pricing is approved.
affordable website designer goa,pricing_and_packages,commercial_investigation,consideration,Goa,/website-design-cost-goa/,commercial_guide,primary_and_secondary,P1,strategic_expansion_validate,,,,mapped_needs_volume_validation,goa_specialist,https://webdesigncompanygoa.in/website-design-cost-goa/,,,,Publish transparent ranges and scope factors only after commercial pricing is approved.
low cost website design goa,pricing_and_packages,commercial_investigation,consideration,Goa,/website-design-cost-goa/,commercial_guide,primary_and_secondary,P1,strategic_expansion_validate,,,,mapped_needs_volume_validation,goa_specialist,https://webdesigncompanygoa.in/website-design-cost-goa/,,,,Publish transparent ranges and scope factors only after commercial pricing is approved.
cheap website design goa,pricing_and_packages,commercial_investigation,consideration,Goa,/website-design-cost-goa/,commercial_guide,primary_and_secondary,P1,strategic_expansion_validate,,,,mapped_needs_volume_validation,goa_specialist,https://webdesigncompanygoa.in/website-design-cost-goa/,,,,Publish transparent ranges and scope factors only after commercial pricing is approved.
website maintenance cost goa,pricing_and_packages,commercial_investigation,consideration,Goa,/website-design-cost-goa/,commercial_guide,primary_and_secondary,P1,strategic_expansion_validate,,,,mapped_needs_volume_validation,goa_specialist,https://webdesigncompanygoa.in/website-design-cost-goa/,,,,Publish transparent ranges and scope factors only after commercial pricing is approved.
how much does website design cost in goa,pricing_and_packages,commercial_investigation,consideration,Goa,/website-design-cost-goa/,commercial_guide,primary_and_secondary,P1,strategic_expansion_validate,,,,mapped_needs_volume_validation,goa_specialist,https://webdesigncompanygoa.in/website-design-cost-goa/,,,,Publish transparent ranges and scope factors only after commercial pricing is approved.
factors affecting website development cost,pricing_and_packages,commercial_investigation,consideration,Goa,/website-design-cost-goa/,commercial_guide,primary_and_secondary,P1,strategic_expansion_validate,,,,mapped_needs_volume_validation,goa_specialist,https://webdesigncompanygoa.in/website-design-cost-goa/,,,,Publish transparent ranges and scope factors only after commercial pricing is approved.
ecommerce website development cost india,pricing_and_packages,commercial_investigation,consideration,Goa,/website-design-cost-goa/,commercial_guide,primary_and_secondary,P1,strategic_expansion_validate,,,,mapped_needs_volume_validation,goa_specialist,https://webdesigncompanygoa.in/website-design-cost-goa/,,,,Publish transparent ranges and scope factors only after commercial pricing is approved.
wordpress website cost for small business,pricing_and_packages,commercial_investigation,consideration,Goa,/website-design-cost-goa/,commercial_guide,primary_and_secondary,P1,strategic_expansion_validate,,,,mapped_needs_volume_validation,goa_specialist,https://webdesigncompanygoa.in/website-design-cost-goa/,,,,Publish transparent ranges and scope factors only after commercial pricing is approved.
website maintenance cost per month india,pricing_and_packages,commercial_investigation,consideration,Goa,/website-design-cost-goa/,commercial_guide,primary_and_secondary,P1,strategic_expansion_validate,,,,mapped_needs_volume_validation,goa_specialist,https://webdesigncompanygoa.in/website-design-cost-goa/,,,,Publish transparent ranges and scope factors only after commercial pricing is approved.
domain hosting and website cost india,pricing_and_packages,commercial_investigation,consideration,Goa,/website-design-cost-goa/,commercial_guide,primary_and_secondary,P1,strategic_expansion_validate,,,,mapped_needs_volume_validation,goa_specialist,https://webdesigncompanygoa.in/website-design-cost-goa/,,,,Publish transparent ranges and scope factors only after commercial pricing is approved.
custom website vs template cost,pricing_and_packages,commercial_investigation,consideration,Goa,/website-design-cost-goa/,commercial_guide,primary_and_secondary,P1,strategic_expansion_validate,,,,mapped_needs_volume_validation,goa_specialist,https://webdesigncompanygoa.in/website-design-cost-goa/,,,,Publish transparent ranges and scope factors only after commercial pricing is approved.
website redesign cost guide,pricing_and_packages,commercial_investigation,consideration,Goa,/website-design-cost-goa/,commercial_guide,primary_and_secondary,P1,strategic_expansion_validate,,,,mapped_needs_volume_validation,goa_specialist,https://webdesigncompanygoa.in/website-design-cost-goa/,,,,Publish transparent ranges and scope factors only after commercial pricing is approved.
seo pricing goa,local_seo_pricing,commercial_investigation,consideration,Goa,/sanctify-facility/local-seo-services-goa/,service_page,secondary,P1,strategic_expansion_validate,,,,mapped_needs_volume_validation,sanctify,https://www.sanctify.in/sanctify-facility/local-seo-services-goa/,,,,Sanctify owns Local SEO commercial intent; publish pricing only after scope and ranges are approved.
local seo packages goa,local_seo_pricing,commercial_investigation,consideration,Goa,/sanctify-facility/local-seo-services-goa/,service_page,secondary,P1,strategic_expansion_validate,,,,mapped_needs_volume_validation,sanctify,https://www.sanctify.in/sanctify-facility/local-seo-services-goa/,,,,Sanctify owns Local SEO commercial intent; publish pricing only after scope and ranges are approved.
hotel website design company goa,industry_hotel,commercial_transactional,decision,Goa,/industries/hotel-website-design-goa/,industry_landing_page,primary_and_secondary,P1,strategic_expansion_validate,,,,mapped_needs_volume_validation,goa_specialist,https://webdesigncompanygoa.in/industries/hotel-website-design-goa/,,,,"Create only with industry-specific proof, features, FAQs, and portfolio examples."
hotel website development goa,industry_hotel,commercial_transactional,decision,Goa,/industries/hotel-website-design-goa/,industry_landing_page,primary_and_secondary,P1,strategic_expansion_validate,,,,mapped_needs_volume_validation,goa_specialist,https://webdesigncompanygoa.in/industries/hotel-website-design-goa/,,,,"Create only with industry-specific proof, features, FAQs, and portfolio examples."
resort website design goa,industry_resort,commercial_transactional,decision,Goa,/industries/resort-website-design-goa/,industry_landing_page,primary_and_secondary,P1,serp_observed,hotel restaurant resort website design company Goa,https://www.codezion.com/in/goa/,2026-08-30,mapped_needs_volume_validation,goa_specialist,https://webdesigncompanygoa.in/industries/resort-website-design-goa/,,,,"Create only with industry-specific proof, features, FAQs, and portfolio examples."
resort booking website development goa,industry_resort,commercial_transactional,decision,Goa,/industries/resort-website-design-goa/,industry_landing_page,primary_and_secondary,P1,strategic_expansion_validate,,,,mapped_needs_volume_validation,goa_specialist,https://webdesigncompanygoa.in/industries/resort-website-design-goa/,,,,"Create only with industry-specific proof, features, FAQs, and portfolio examples."
villa website design goa,industry_villa,commercial_transactional,decision,Goa,/industries/villa-website-design-goa/,industry_landing_page,primary_and_secondary,P2,strategic_expansion_validate,,,,mapped_needs_volume_validation,goa_specialist,https://webdesigncompanygoa.in/industries/villa-website-design-goa/,,,,"Create only with industry-specific proof, features, FAQs, and portfolio examples."
holiday villa booking website goa,industry_villa,commercial_transactional,decision,Goa,/industries/villa-website-design-goa/,industry_landing_page,primary_and_secondary,P2,strategic_expansion_validate,,,,mapped_needs_volume_validation,goa_specialist,https://webdesigncompanygoa.in/industries/villa-website-design-goa/,,,,"Create only with industry-specific proof, features, FAQs, and portfolio examples."
homestay website design goa,industry_homestay,commercial_transactional,decision,Goa,/industries/homestay-website-design-goa/,industry_landing_page,primary_and_secondary,P2,strategic_expansion_validate,,,,mapped_needs_volume_validation,goa_specialist,https://webdesigncompanygoa.in/industries/homestay-website-design-goa/,,,,"Create only with industry-specific proof, features, FAQs, and portfolio examples."
guest house website development goa,industry_homestay,commercial_transactional,decision,Goa,/industries/homestay-website-design-goa/,industry_landing_page,primary_and_secondary,P2,strategic_expansion_validate,,,,mapped_needs_volume_validation,goa_specialist,https://webdesigncompanygoa.in/industries/homestay-website-design-goa/,,,,"Create only with industry-specific proof, features, FAQs, and portfolio examples."
restaurant website design goa,industry_restaurant,commercial_transactional,decision,Goa,/industries/restaurant-website-design-goa/,industry_landing_page,primary_and_secondary,P1,strategic_expansion_validate,,,,mapped_needs_volume_validation,goa_specialist,https://webdesigncompanygoa.in/industries/restaurant-website-design-goa/,,,,"Create only with industry-specific proof, features, FAQs, and portfolio examples."
online food ordering website goa,industry_restaurant,commercial_transactional,decision,Goa,/industries/restaurant-website-design-goa/,industry_landing_page,primary_and_secondary,P1,strategic_expansion_validate,,,,mapped_needs_volume_validation,goa_specialist,https://webdesigncompanygoa.in/industries/restaurant-website-design-goa/,,,,"Create only with industry-specific proof, features, FAQs, and portfolio examples."
cafe website design goa,industry_cafe,commercial_transactional,decision,Goa,/industries/cafe-website-design-goa/,industry_landing_page,primary_and_secondary,P2,strategic_expansion_validate,,,,mapped_needs_volume_validation,goa_specialist,https://webdesigncompanygoa.in/industries/cafe-website-design-goa/,,,,"Create only with industry-specific proof, features, FAQs, and portfolio examples."
cafe website developer goa,industry_cafe,commercial_transactional,decision,Goa,/industries/cafe-website-design-goa/,industry_landing_page,primary_and_secondary,P2,strategic_expansion_validate,,,,mapped_needs_volume_validation,goa_specialist,https://webdesigncompanygoa.in/industries/cafe-website-design-goa/,,,,"Create only with industry-specific proof, features, FAQs, and portfolio examples."
bar website design goa,industry_bar_and_nightlife,commercial_transactional,decision,Goa,/industries/bar-and-nightlife-website-design-goa/,industry_landing_page,primary_and_secondary,P2,strategic_expansion_validate,,,,mapped_needs_volume_validation,goa_specialist,https://webdesigncompanygoa.in/industries/bar-and-nightlife-website-design-goa/,,,,"Create only with industry-specific proof, features, FAQs, and portfolio examples."
nightclub website design goa,industry_bar_and_nightlife,commercial_transactional,decision,Goa,/industries/bar-and-nightlife-website-design-goa/,industry_landing_page,primary_and_secondary,P2,strategic_expansion_validate,,,,mapped_needs_volume_validation,goa_specialist,https://webdesigncompanygoa.in/industries/bar-and-nightlife-website-design-goa/,,,,"Create only with industry-specific proof, features, FAQs, and portfolio examples."
beach shack website design goa,industry_beach_shack,commercial_transactional,decision,Goa,/industries/beach-shack-website-design-goa/,industry_landing_page,primary_and_secondary,P2,strategic_expansion_validate,,,,mapped_needs_volume_validation,goa_specialist,https://webdesigncompanygoa.in/industries/beach-shack-website-design-goa/,,,,"Create only with industry-specific proof, features, FAQs, and portfolio examples."
shack menu website goa,industry_beach_shack,commercial_transactional,decision,Goa,/industries/beach-shack-website-design-goa/,industry_landing_page,primary_and_secondary,P2,strategic_expansion_validate,,,,mapped_needs_volume_validation,goa_specialist,https://webdesigncompanygoa.in/industries/beach-shack-website-design-goa/,,,,"Create only with industry-specific proof, features, FAQs, and portfolio examples."
travel agency website design goa,industry_travel_and_tours,commercial_transactional,decision,Goa,/industries/travel-and-tours-website-design-goa/,industry_landing_page,primary_and_secondary,P1,strategic_expansion_validate,,,,mapped_needs_volume_validation,goa_specialist,https://webdesigncompanygoa.in/industries/travel-and-tours-website-design-goa/,,,,"Create only with industry-specific proof, features, FAQs, and portfolio examples."
tour operator website development goa,industry_travel_and_tours,commercial_transactional,decision,Goa,/industries/travel-and-tours-website-design-goa/,industry_landing_page,primary_and_secondary,P1,strategic_expansion_validate,,,,mapped_needs_volume_validation,goa_specialist,https://webdesigncompanygoa.in/industries/travel-and-tours-website-design-goa/,,,,"Create only with industry-specific proof, features, FAQs, and portfolio examples."
taxi booking website development goa,industry_taxi_and_car_rental,commercial_transactional,decision,Goa,/industries/taxi-and-car-rental-website-design-goa/,industry_landing_page,primary_and_secondary,P2,strategic_expansion_validate,,,,mapped_needs_volume_validation,goa_specialist,https://webdesigncompanygoa.in/industries/taxi-and-car-rental-website-design-goa/,,,,"Create only with industry-specific proof, features, FAQs, and portfolio examples."
car rental website design goa,industry_taxi_and_car_rental,commercial_transactional,decision,Goa,/industries/taxi-and-car-rental-website-design-goa/,industry_landing_page,primary_and_secondary,P2,strategic_expansion_validate,,,,mapped_needs_volume_validation,goa_specialist,https://webdesigncompanygoa.in/industries/taxi-and-car-rental-website-design-goa/,,,,"Create only with industry-specific proof, features, FAQs, and portfolio examples."
watersports booking website goa,industry_watersports,commercial_transactional,decision,Goa,/industries/watersports-website-design-goa/,industry_landing_page,primary_and_secondary,P2,strategic_expansion_validate,,,,mapped_needs_volume_validation,goa_specialist,https://webdesigncompanygoa.in/industries/watersports-website-design-goa/,,,,"Create only with industry-specific proof, features, FAQs, and portfolio examples."
adventure tourism website goa,industry_watersports,commercial_transactional,decision,Goa,/industries/watersports-website-design-goa/,industry_landing_page,primary_and_secondary,P2,strategic_expansion_validate,,,,mapped_needs_volume_validation,goa_specialist,https://webdesigncompanygoa.in/industries/watersports-website-design-goa/,,,,"Create only with industry-specific proof, features, FAQs, and portfolio examples."
real estate website design goa,industry_real_estate,commercial_transactional,decision,Goa,/industries/real-estate-website-design-goa/,industry_landing_page,primary_and_secondary,P1,strategic_expansion_validate,,,,mapped_needs_volume_validation,goa_specialist,https://webdesigncompanygoa.in/industries/real-estate-website-design-goa/,,,,"Create only with industry-specific proof, features, FAQs, and portfolio examples."
property portal development goa,industry_real_estate,commercial_transactional,decision,Goa,/industries/real-estate-website-design-goa/,industry_landing_page,primary_and_secondary,P1,strategic_expansion_validate,,,,mapped_needs_volume_validation,goa_specialist,https://webdesigncompanygoa.in/industries/real-estate-website-design-goa/,,,,"Create only with industry-specific proof, features, FAQs, and portfolio examples."
construction company website design goa,industry_construction,commercial_transactional,decision,Goa,/industries/construction-website-design-goa/,industry_landing_page,primary_and_secondary,P2,strategic_expansion_validate,,,,mapped_needs_volume_validation,goa_specialist,https://webdesigncompanygoa.in/industries/construction-website-design-goa/,,,,"Create only with industry-specific proof, features, FAQs, and portfolio examples."
builder website development goa,industry_construction,commercial_transactional,decision,Goa,/industries/construction-website-design-goa/,industry_landing_page,primary_and_secondary,P2,strategic_expansion_validate,,,,mapped_needs_volume_validation,goa_specialist,https://webdesigncompanygoa.in/industries/construction-website-design-goa/,,,,"Create only with industry-specific proof, features, FAQs, and portfolio examples."
architect website design goa,industry_architects,commercial_transactional,decision,Goa,/industries/architects-website-design-goa/,industry_landing_page,primary_and_secondary,P2,strategic_expansion_validate,,,,mapped_needs_volume_validation,goa_specialist,https://webdesigncompanygoa.in/industries/architects-website-design-goa/,,,,"Create only with industry-specific proof, features, FAQs, and portfolio examples."
architecture portfolio website goa,industry_architects,commercial_transactional,decision,Goa,/industries/architects-website-design-goa/,industry_landing_page,primary_and_secondary,P2,strategic_expansion_validate,,,,mapped_needs_volume_validation,goa_specialist,https://webdesigncompanygoa.in/industries/architects-website-design-goa/,,,,"Create only with industry-specific proof, features, FAQs, and portfolio examples."
interior designer website design goa,industry_interior_design,commercial_transactional,decision,Goa,/industries/interior-design-website-design-goa/,industry_landing_page,primary_and_secondary,P2,strategic_expansion_validate,,,,mapped_needs_volume_validation,goa_specialist,https://webdesigncompanygoa.in/industries/interior-design-website-design-goa/,,,,"Create only with industry-specific proof, features, FAQs, and portfolio examples."
interior design portfolio website goa,industry_interior_design,commercial_transactional,decision,Goa,/industries/interior-design-website-design-goa/,industry_landing_page,primary_and_secondary,P2,strategic_expansion_validate,,,,mapped_needs_volume_validation,goa_specialist,https://webdesigncompanygoa.in/industries/interior-design-website-design-goa/,,,,"Create only with industry-specific proof, features, FAQs, and portfolio examples."
wedding planner website design goa,industry_wedding,commercial_transactional,decision,Goa,/industries/wedding-website-design-goa/,industry_landing_page,primary_and_secondary,P1,strategic_expansion_validate,,,,mapped_needs_volume_validation,goa_specialist,https://webdesigncompanygoa.in/industries/wedding-website-design-goa/,,,,"Create only with industry-specific proof, features, FAQs, and portfolio examples."
destination wedding website goa,industry_wedding,commercial_transactional,decision,Goa,/industries/wedding-website-design-goa/,industry_landing_page,primary_and_secondary,P1,strategic_expansion_validate,,,,mapped_needs_volume_validation,goa_specialist,https://webdesigncompanygoa.in/industries/wedding-website-design-goa/,,,,"Create only with industry-specific proof, features, FAQs, and portfolio examples."
event management website design goa,industry_events,commercial_transactional,decision,Goa,/industries/events-website-design-goa/,industry_landing_page,primary_and_secondary,P2,strategic_expansion_validate,,,,mapped_needs_volume_validation,goa_specialist,https://webdesigncompanygoa.in/industries/events-website-design-goa/,,,,"Create only with industry-specific proof, features, FAQs, and portfolio examples."
event booking website goa,industry_events,commercial_transactional,decision,Goa,/industries/events-website-design-goa/,industry_landing_page,primary_and_secondary,P2,strategic_expansion_validate,,,,mapped_needs_volume_validation,goa_specialist,https://webdesigncompanygoa.in/industries/events-website-design-goa/,,,,"Create only with industry-specific proof, features, FAQs, and portfolio examples."
clinic website design goa,industry_healthcare,commercial_transactional,decision,Goa,/industries/healthcare-website-design-goa/,industry_landing_page,primary_and_secondary,P2,strategic_expansion_validate,,,,mapped_needs_volume_validation,goa_specialist,https://webdesigncompanygoa.in/industries/healthcare-website-design-goa/,,,,"Create only with industry-specific proof, features, FAQs, and portfolio examples."
hospital website development goa,industry_healthcare,commercial_transactional,decision,Goa,/industries/healthcare-website-design-goa/,industry_landing_page,primary_and_secondary,P2,strategic_expansion_validate,,,,mapped_needs_volume_validation,goa_specialist,https://webdesigncompanygoa.in/industries/healthcare-website-design-goa/,,,,"Create only with industry-specific proof, features, FAQs, and portfolio examples."
dentist website design goa,industry_dentists,commercial_transactional,decision,Goa,/industries/dentists-website-design-goa/,industry_landing_page,primary_and_secondary,P2,strategic_expansion_validate,,,,mapped_needs_volume_validation,goa_specialist,https://webdesigncompanygoa.in/industries/dentists-website-design-goa/,,,,"Create only with industry-specific proof, features, FAQs, and portfolio examples."
dental clinic website development goa,industry_dentists,commercial_transactional,decision,Goa,/industries/dentists-website-design-goa/,industry_landing_page,primary_and_secondary,P2,strategic_expansion_validate,,,,mapped_needs_volume_validation,goa_specialist,https://webdesigncompanygoa.in/industries/dentists-website-design-goa/,,,,"Create only with industry-specific proof, features, FAQs, and portfolio examples."
spa website design goa,industry_wellness,commercial_transactional,decision,Goa,/industries/wellness-website-design-goa/,industry_landing_page,primary_and_secondary,P2,strategic_expansion_validate,,,,mapped_needs_volume_validation,goa_specialist,https://webdesigncompanygoa.in/industries/wellness-website-design-goa/,,,,"Create only with industry-specific proof, features, FAQs, and portfolio examples."
wellness retreat website development goa,industry_wellness,commercial_transactional,decision,Goa,/industries/wellness-website-design-goa/,industry_landing_page,primary_and_secondary,P2,strategic_expansion_validate,,,,mapped_needs_volume_validation,goa_specialist,https://webdesigncompanygoa.in/industries/wellness-website-design-goa/,,,,"Create only with industry-specific proof, features, FAQs, and portfolio examples."
yoga retreat website design goa,industry_yoga,commercial_transactional,decision,Goa,/industries/yoga-website-design-goa/,industry_landing_page,primary_and_secondary,P2,strategic_expansion_validate,,,,mapped_needs_volume_validation,goa_specialist,https://webdesigncompanygoa.in/industries/yoga-website-design-goa/,,,,"Create only with industry-specific proof, features, FAQs, and portfolio examples."
yoga class booking website goa,industry_yoga,commercial_transactional,decision,Goa,/industries/yoga-website-design-goa/,industry_landing_page,primary_and_secondary,P2,strategic_expansion_validate,,,,mapped_needs_volume_validation,goa_specialist,https://webdesigncompanygoa.in/industries/yoga-website-design-goa/,,,,"Create only with industry-specific proof, features, FAQs, and portfolio examples."
school website design goa,industry_education,commercial_transactional,decision,Goa,/industries/education-website-design-goa/,industry_landing_page,primary_and_secondary,P2,strategic_expansion_validate,,,,mapped_needs_volume_validation,goa_specialist,https://webdesigncompanygoa.in/industries/education-website-design-goa/,,,,"Create only with industry-specific proof, features, FAQs, and portfolio examples."
college website development goa,industry_education,commercial_transactional,decision,Goa,/industries/education-website-design-goa/,industry_landing_page,primary_and_secondary,P2,strategic_expansion_validate,,,,mapped_needs_volume_validation,goa_specialist,https://webdesigncompanygoa.in/industries/education-website-design-goa/,,,,"Create only with industry-specific proof, features, FAQs, and portfolio examples."
coaching institute website goa,industry_coaching,commercial_transactional,decision,Goa,/industries/coaching-website-design-goa/,industry_landing_page,primary_and_secondary,P2,strategic_expansion_validate,,,,mapped_needs_volume_validation,goa_specialist,https://webdesigncompanygoa.in/industries/coaching-website-design-goa/,,,,"Create only with industry-specific proof, features, FAQs, and portfolio examples."
online course website development goa,industry_coaching,commercial_transactional,decision,Goa,/industries/coaching-website-design-goa/,industry_landing_page,primary_and_secondary,P2,strategic_expansion_validate,,,,mapped_needs_volume_validation,goa_specialist,https://webdesigncompanygoa.in/industries/coaching-website-design-goa/,,,,"Create only with industry-specific proof, features, FAQs, and portfolio examples."
law firm website design goa,industry_professional_services,commercial_transactional,decision,Goa,/industries/professional-services-website-design-goa/,industry_landing_page,primary_and_secondary,P2,strategic_expansion_validate,,,,mapped_needs_volume_validation,goa_specialist,https://webdesigncompanygoa.in/industries/professional-services-website-design-goa/,,,,"Create only with industry-specific proof, features, FAQs, and portfolio examples."
chartered accountant website goa,industry_professional_services,commercial_transactional,decision,Goa,/industries/professional-services-website-design-goa/,industry_landing_page,primary_and_secondary,P2,strategic_expansion_validate,,,,mapped_needs_volume_validation,goa_specialist,https://webdesigncompanygoa.in/industries/professional-services-website-design-goa/,,,,"Create only with industry-specific proof, features, FAQs, and portfolio examples."
consulting company website design goa,industry_consultants,commercial_transactional,decision,Goa,/industries/consultants-website-design-goa/,industry_landing_page,primary_and_secondary,P2,strategic_expansion_validate,,,,mapped_needs_volume_validation,goa_specialist,https://webdesigncompanygoa.in/industries/consultants-website-design-goa/,,,,"Create only with industry-specific proof, features, FAQs, and portfolio examples."
business consultant website goa,industry_consultants,commercial_transactional,decision,Goa,/industries/consultants-website-design-goa/,industry_landing_page,primary_and_secondary,P2,strategic_expansion_validate,,,,mapped_needs_volume_validation,goa_specialist,https://webdesigncompanygoa.in/industries/consultants-website-design-goa/,,,,"Create only with industry-specific proof, features, FAQs, and portfolio examples."
retail business website design goa,industry_retail,commercial_transactional,decision,Goa,/industries/retail-website-design-goa/,industry_landing_page,primary_and_secondary,P2,strategic_expansion_validate,,,,mapped_needs_volume_validation,goa_specialist,https://webdesigncompanygoa.in/industries/retail-website-design-goa/,,,,"Create only with industry-specific proof, features, FAQs, and portfolio examples."
local shop ecommerce website goa,industry_retail,commercial_transactional,decision,Goa,/industries/retail-website-design-goa/,industry_landing_page,primary_and_secondary,P2,strategic_expansion_validate,,,,mapped_needs_volume_validation,goa_specialist,https://webdesigncompanygoa.in/industries/retail-website-design-goa/,,,,"Create only with industry-specific proof, features, FAQs, and portfolio examples."
fashion brand website design goa,industry_fashion,commercial_transactional,decision,Goa,/industries/fashion-website-design-goa/,industry_landing_page,primary_and_secondary,P2,strategic_expansion_validate,,,,mapped_needs_volume_validation,goa_specialist,https://webdesigncompanygoa.in/industries/fashion-website-design-goa/,,,,"Create only with industry-specific proof, features, FAQs, and portfolio examples."
clothing ecommerce website goa,industry_fashion,commercial_transactional,decision,Goa,/industries/fashion-website-design-goa/,industry_landing_page,primary_and_secondary,P2,strategic_expansion_validate,,,,mapped_needs_volume_validation,goa_specialist,https://webdesigncompanygoa.in/industries/fashion-website-design-goa/,,,,"Create only with industry-specific proof, features, FAQs, and portfolio examples."
jewellery website design goa,industry_jewellery,commercial_transactional,decision,Goa,/industries/jewellery-website-design-goa/,industry_landing_page,primary_and_secondary,P2,strategic_expansion_validate,,,,mapped_needs_volume_validation,goa_specialist,https://webdesigncompanygoa.in/industries/jewellery-website-design-goa/,,,,"Create only with industry-specific proof, features, FAQs, and portfolio examples."
jewellery ecommerce website goa,industry_jewellery,commercial_transactional,decision,Goa,/industries/jewellery-website-design-goa/,industry_landing_page,primary_and_secondary,P2,strategic_expansion_validate,,,,mapped_needs_volume_validation,goa_specialist,https://webdesigncompanygoa.in/industries/jewellery-website-design-goa/,,,,"Create only with industry-specific proof, features, FAQs, and portfolio examples."
photographer website design goa,industry_photography,commercial_transactional,decision,Goa,/industries/photography-website-design-goa/,industry_landing_page,primary_and_secondary,P2,strategic_expansion_validate,,,,mapped_needs_volume_validation,goa_specialist,https://webdesigncompanygoa.in/industries/photography-website-design-goa/,,,,"Create only with industry-specific proof, features, FAQs, and portfolio examples."
photography portfolio website goa,industry_photography,commercial_transactional,decision,Goa,/industries/photography-website-design-goa/,industry_landing_page,primary_and_secondary,P2,strategic_expansion_validate,,,,mapped_needs_volume_validation,goa_specialist,https://webdesigncompanygoa.in/industries/photography-website-design-goa/,,,,"Create only with industry-specific proof, features, FAQs, and portfolio examples."
ngo website design goa,industry_ngo,commercial_transactional,decision,Goa,/industries/ngo-website-design-goa/,industry_landing_page,primary_and_secondary,P2,strategic_expansion_validate,,,,mapped_needs_volume_validation,goa_specialist,https://webdesigncompanygoa.in/industries/ngo-website-design-goa/,,,,"Create only with industry-specific proof, features, FAQs, and portfolio examples."
nonprofit website development goa,industry_ngo,commercial_transactional,decision,Goa,/industries/ngo-website-design-goa/,industry_landing_page,primary_and_secondary,P2,strategic_expansion_validate,,,,mapped_needs_volume_validation,goa_specialist,https://webdesigncompanygoa.in/industries/ngo-website-design-goa/,,,,"Create only with industry-specific proof, features, FAQs, and portfolio examples."
manufacturing company website goa,industry_manufacturing,commercial_transactional,decision,Goa,/industries/manufacturing-website-design-goa/,industry_landing_page,primary_and_secondary,P2,strategic_expansion_validate,,,,mapped_needs_volume_validation,goa_specialist,https://webdesigncompanygoa.in/industries/manufacturing-website-design-goa/,,,,"Create only with industry-specific proof, features, FAQs, and portfolio examples."
industrial website design goa,industry_manufacturing,commercial_transactional,decision,Goa,/industries/manufacturing-website-design-goa/,industry_landing_page,primary_and_secondary,P2,strategic_expansion_validate,,,,mapped_needs_volume_validation,goa_specialist,https://webdesigncompanygoa.in/industries/manufacturing-website-design-goa/,,,,"Create only with industry-specific proof, features, FAQs, and portfolio examples."
b2b website design company goa,industry_b2b,commercial_transactional,decision,Goa,/industries/b2b-website-design-goa/,industry_landing_page,primary_and_secondary,P2,strategic_expansion_validate,,,,mapped_needs_volume_validation,goa_specialist,https://webdesigncompanygoa.in/industries/b2b-website-design-goa/,,,,"Create only with industry-specific proof, features, FAQs, and portfolio examples."
lead generation website for goa business,industry_b2b,commercial_transactional,decision,Goa,/industries/b2b-website-design-goa/,industry_landing_page,primary_and_secondary,P2,strategic_expansion_validate,,,,mapped_needs_volume_validation,goa_specialist,https://webdesigncompanygoa.in/industries/b2b-website-design-goa/,,,,"Create only with industry-specific proof, features, FAQs, and portfolio examples."
how to choose a web design company in goa,website_buying_guides,informational_commercial,awareness_consideration,Goa_or_India_where_natural,/guides/choose-web-design-company-goa/,guide_or_blog,primary_and_supporting,P2,strategic_expansion_validate,,,,mapped_needs_volume_validation,goa_specialist,https://webdesigncompanygoa.in/guides/choose-web-design-company-goa/,,,,
how to find the best web designer in goa,website_buying_guides,informational_commercial,awareness_consideration,Goa_or_India_where_natural,/guides/choose-web-design-company-goa/,guide_or_blog,primary_and_supporting,P2,strategic_expansion_validate,,,,mapped_needs_volume_validation,goa_specialist,https://webdesigncompanygoa.in/guides/choose-web-design-company-goa/,,,,
questions to ask a website design agency,website_buying_guides,informational_commercial,awareness_consideration,Goa_or_India_where_natural,/guides/choose-web-design-company-goa/,guide_or_blog,primary_and_supporting,P2,strategic_expansion_validate,,,,mapped_needs_volume_validation,goa_specialist,https://webdesigncompanygoa.in/guides/choose-web-design-company-goa/,,,,
web design company vs freelancer goa,website_buying_guides,informational_commercial,awareness_consideration,Goa_or_India_where_natural,/guides/choose-web-design-company-goa/,guide_or_blog,primary_and_supporting,P2,strategic_expansion_validate,,,,mapped_needs_volume_validation,goa_specialist,https://webdesigncompanygoa.in/guides/choose-web-design-company-goa/,,,,
what to include in a website design brief,website_buying_guides,informational_commercial,awareness_consideration,Goa_or_India_where_natural,/guides/choose-web-design-company-goa/,guide_or_blog,primary_and_supporting,P2,strategic_expansion_validate,,,,mapped_needs_volume_validation,goa_specialist,https://webdesigncompanygoa.in/guides/choose-web-design-company-goa/,,,,
website design process explained,website_buying_guides,informational_commercial,awareness_consideration,Goa_or_India_where_natural,/guides/choose-web-design-company-goa/,guide_or_blog,primary_and_supporting,P2,strategic_expansion_validate,,,,mapped_needs_volume_validation,goa_specialist,https://webdesigncompanygoa.in/guides/choose-web-design-company-goa/,,,,
how long does it take to build a website,website_buying_guides,informational_commercial,awareness_consideration,Goa_or_India_where_natural,/guides/choose-web-design-company-goa/,guide_or_blog,primary_and_supporting,P2,strategic_expansion_validate,,,,mapped_needs_volume_validation,goa_specialist,https://webdesigncompanygoa.in/guides/choose-web-design-company-goa/,,,,
what makes a good business website,website_buying_guides,informational_commercial,awareness_consideration,Goa_or_India_where_natural,/guides/choose-web-design-company-goa/,guide_or_blog,primary_and_supporting,P2,strategic_expansion_validate,,,,mapped_needs_volume_validation,goa_specialist,https://webdesigncompanygoa.in/guides/choose-web-design-company-goa/,,,,
website design checklist for small business,website_buying_guides,informational_commercial,awareness_consideration,Goa_or_India_where_natural,/guides/choose-web-design-company-goa/,guide_or_blog,primary_and_supporting,P2,strategic_expansion_validate,,,,mapped_needs_volume_validation,goa_specialist,https://webdesigncompanygoa.in/guides/choose-web-design-company-goa/,,,,
website launch checklist india,website_buying_guides,informational_commercial,awareness_consideration,Goa_or_India_where_natural,/guides/choose-web-design-company-goa/,guide_or_blog,primary_and_supporting,P2,strategic_expansion_validate,,,,mapped_needs_volume_validation,goa_specialist,https://webdesigncompanygoa.in/guides/choose-web-design-company-goa/,,,,
best website platform for small business in goa,platform_comparisons,informational_commercial,awareness_consideration,Goa_or_India_where_natural,/guides/best-website-platform-small-business-goa/,guide_or_blog,primary_and_supporting,P2,strategic_expansion_validate,,,,mapped_needs_volume_validation,goa_specialist,https://webdesigncompanygoa.in/guides/best-website-platform-small-business-goa/,,,,
wordpress vs shopify for goa business,platform_comparisons,informational_commercial,awareness_consideration,Goa_or_India_where_natural,/guides/best-website-platform-small-business-goa/,guide_or_blog,primary_and_supporting,P2,strategic_expansion_validate,,,,mapped_needs_volume_validation,goa_specialist,https://webdesigncompanygoa.in/guides/best-website-platform-small-business-goa/,,,,
wordpress vs wix for small business,platform_comparisons,informational_commercial,awareness_consideration,Goa_or_India_where_natural,/guides/best-website-platform-small-business-goa/,guide_or_blog,primary_and_supporting,P2,strategic_expansion_validate,,,,mapped_needs_volume_validation,goa_specialist,https://webdesigncompanygoa.in/guides/best-website-platform-small-business-goa/,,,,
shopify vs woocommerce india,platform_comparisons,informational_commercial,awareness_consideration,Goa_or_India_where_natural,/guides/best-website-platform-small-business-goa/,guide_or_blog,primary_and_supporting,P2,strategic_expansion_validate,,,,mapped_needs_volume_validation,goa_specialist,https://webdesigncompanygoa.in/guides/best-website-platform-small-business-goa/,,,,
custom website vs wordpress,platform_comparisons,informational_commercial,awareness_consideration,Goa_or_India_where_natural,/guides/best-website-platform-small-business-goa/,guide_or_blog,primary_and_supporting,P2,strategic_expansion_validate,,,,mapped_needs_volume_validation,goa_specialist,https://webdesigncompanygoa.in/guides/best-website-platform-small-business-goa/,,,,
static vs dynamic website for business,platform_comparisons,informational_commercial,awareness_consideration,Goa_or_India_where_natural,/guides/best-website-platform-small-business-goa/,guide_or_blog,primary_and_supporting,P2,strategic_expansion_validate,,,,mapped_needs_volume_validation,goa_specialist,https://webdesigncompanygoa.in/guides/best-website-platform-small-business-goa/,,,,
best booking engine for hotel website,platform_comparisons,informational_commercial,awareness_consideration,Goa_or_India_where_natural,/guides/best-website-platform-small-business-goa/,guide_or_blog,primary_and_supporting,P2,strategic_expansion_validate,,,,mapped_needs_volume_validation,goa_specialist,https://webdesigncompanygoa.in/guides/best-website-platform-small-business-goa/,,,,
best cms for tourism website,platform_comparisons,informational_commercial,awareness_consideration,Goa_or_India_where_natural,/guides/best-website-platform-small-business-goa/,guide_or_blog,primary_and_supporting,P2,strategic_expansion_validate,,,,mapped_needs_volume_validation,goa_specialist,https://webdesigncompanygoa.in/guides/best-website-platform-small-business-goa/,,,,
how to optimize google business profile,local_seo_guides,informational_commercial,awareness_consideration,Goa_or_India_where_natural,/local-seo-google-business-profile-goa/,guide_or_blog,primary_and_supporting,P2,strategic_expansion_validate,,,,mapped_needs_volume_validation,sanctify,https://www.sanctify.in/local-seo-google-business-profile-goa/,,,,
local seo checklist for goa businesses,local_seo_guides,informational_commercial,awareness_consideration,Goa_or_India_where_natural,/local-seo-google-business-profile-goa/,guide_or_blog,primary_and_supporting,P2,strategic_expansion_validate,,,,mapped_needs_volume_validation,sanctify,https://www.sanctify.in/local-seo-google-business-profile-goa/,,,,
google business profile categories for web designer,local_seo_guides,informational_commercial,awareness_consideration,Goa_or_India_where_natural,/local-seo-google-business-profile-goa/,guide_or_blog,primary_and_supporting,P2,strategic_expansion_validate,,,,mapped_needs_volume_validation,sanctify,https://www.sanctify.in/local-seo-google-business-profile-goa/,,,,
how to get more google reviews ethically,local_seo_guides,informational_commercial,awareness_consideration,Goa_or_India_where_natural,/local-seo-google-business-profile-goa/,guide_or_blog,primary_and_supporting,P2,strategic_expansion_validate,,,,mapped_needs_volume_validation,sanctify,https://www.sanctify.in/local-seo-google-business-profile-goa/,,,,
why nap consistency matters for local seo,local_seo_guides,informational_commercial,awareness_consideration,Goa_or_India_where_natural,/local-seo-google-business-profile-goa/,guide_or_blog,primary_and_supporting,P2,strategic_expansion_validate,,,,mapped_needs_volume_validation,sanctify,https://www.sanctify.in/local-seo-google-business-profile-goa/,,,,
local citations for goa businesses,local_seo_guides,informational_commercial,awareness_consideration,Goa_or_India_where_natural,/local-seo-google-business-profile-goa/,guide_or_blog,primary_and_supporting,P2,strategic_expansion_validate,,,,mapped_needs_volume_validation,sanctify,https://www.sanctify.in/local-seo-google-business-profile-goa/,,,,
how long does local seo take,local_seo_guides,informational_commercial,awareness_consideration,Goa_or_India_where_natural,/local-seo-google-business-profile-goa/,guide_or_blog,primary_and_supporting,P2,strategic_expansion_validate,,,,mapped_needs_volume_validation,sanctify,https://www.sanctify.in/local-seo-google-business-profile-goa/,,,,
local seo vs traditional seo,local_seo_guides,informational_commercial,awareness_consideration,Goa_or_India_where_natural,/local-seo-google-business-profile-goa/,guide_or_blog,primary_and_supporting,P2,strategic_expansion_validate,,,,mapped_needs_volume_validation,sanctify,https://www.sanctify.in/local-seo-google-business-profile-goa/,,,,
google maps ranking factors,local_seo_guides,informational_commercial,awareness_consideration,Goa_or_India_where_natural,/local-seo-google-business-profile-goa/,guide_or_blog,primary_and_supporting,P2,strategic_expansion_validate,,,,mapped_needs_volume_validation,sanctify,https://www.sanctify.in/local-seo-google-business-profile-goa/,,,,
how to improve local search rankings,local_seo_guides,informational_commercial,awareness_consideration,Goa_or_India_where_natural,/local-seo-google-business-profile-goa/,guide_or_blog,primary_and_supporting,P2,strategic_expansion_validate,,,,mapped_needs_volume_validation,sanctify,https://www.sanctify.in/local-seo-google-business-profile-goa/,,,,
local seo for hotels in goa,local_seo_guides,informational_commercial,awareness_consideration,Goa_or_India_where_natural,/local-seo-google-business-profile-goa/,guide_or_blog,primary_and_supporting,P2,strategic_expansion_validate,,,,mapped_needs_volume_validation,sanctify,https://www.sanctify.in/local-seo-google-business-profile-goa/,,,,
local seo for restaurants in goa,local_seo_guides,informational_commercial,awareness_consideration,Goa_or_India_where_natural,/local-seo-google-business-profile-goa/,guide_or_blog,primary_and_supporting,P2,strategic_expansion_validate,,,,mapped_needs_volume_validation,sanctify,https://www.sanctify.in/local-seo-google-business-profile-goa/,,,,
local seo for real estate in goa,local_seo_guides,informational_commercial,awareness_consideration,Goa_or_India_where_natural,/local-seo-google-business-profile-goa/,guide_or_blog,primary_and_supporting,P2,strategic_expansion_validate,,,,mapped_needs_volume_validation,sanctify,https://www.sanctify.in/local-seo-google-business-profile-goa/,,,,
how to make a website generate more leads,conversion_and_performance_guides,informational_commercial,awareness_consideration,Goa_or_India_where_natural,/guides/website-conversion-goa-business/,guide_or_blog,primary_and_supporting,P2,strategic_expansion_validate,,,,mapped_needs_volume_validation,goa_specialist,https://webdesigncompanygoa.in/guides/website-conversion-goa-business/,,,,
website conversion rate optimization checklist,conversion_and_performance_guides,informational_commercial,awareness_consideration,Goa_or_India_where_natural,/guides/website-conversion-goa-business/,guide_or_blog,primary_and_supporting,P2,strategic_expansion_validate,,,,mapped_needs_volume_validation,goa_specialist,https://webdesigncompanygoa.in/guides/website-conversion-goa-business/,,,,
why mobile friendly website matters,conversion_and_performance_guides,informational_commercial,awareness_consideration,Goa_or_India_where_natural,/guides/website-conversion-goa-business/,guide_or_blog,primary_and_supporting,P2,strategic_expansion_validate,,,,mapped_needs_volume_validation,goa_specialist,https://webdesigncompanygoa.in/guides/website-conversion-goa-business/,,,,
how website speed affects seo,conversion_and_performance_guides,informational_commercial,awareness_consideration,Goa_or_India_where_natural,/guides/website-conversion-goa-business/,guide_or_blog,primary_and_supporting,P2,strategic_expansion_validate,,,,mapped_needs_volume_validation,goa_specialist,https://webdesigncompanygoa.in/guides/website-conversion-goa-business/,,,,
core web vitals for business websites,conversion_and_performance_guides,informational_commercial,awareness_consideration,Goa_or_India_where_natural,/guides/website-conversion-goa-business/,guide_or_blog,primary_and_supporting,P2,strategic_expansion_validate,,,,mapped_needs_volume_validation,goa_specialist,https://webdesigncompanygoa.in/guides/website-conversion-goa-business/,,,,
how to reduce website bounce rate,conversion_and_performance_guides,informational_commercial,awareness_consideration,Goa_or_India_where_natural,/guides/website-conversion-goa-business/,guide_or_blog,primary_and_supporting,P2,strategic_expansion_validate,,,,mapped_needs_volume_validation,goa_specialist,https://webdesigncompanygoa.in/guides/website-conversion-goa-business/,,,,
website trust signals for local business,conversion_and_performance_guides,informational_commercial,awareness_consideration,Goa_or_India_where_natural,/guides/website-conversion-goa-business/,guide_or_blog,primary_and_supporting,P2,strategic_expansion_validate,,,,mapped_needs_volume_validation,goa_specialist,https://webdesigncompanygoa.in/guides/website-conversion-goa-business/,,,,
best call to action examples for service website,conversion_and_performance_guides,informational_commercial,awareness_consideration,Goa_or_India_where_natural,/guides/website-conversion-goa-business/,guide_or_blog,primary_and_supporting,P2,strategic_expansion_validate,,,,mapped_needs_volume_validation,goa_specialist,https://webdesigncompanygoa.in/guides/website-conversion-goa-business/,,,,
how to rank on google maps in goa,google_maps_guide,informational_commercial,awareness_consideration,Goa_or_India_where_natural,/local-seo-google-business-profile-goa/,guide_or_blog,primary_and_supporting,P2,strategic_expansion_validate,,,,mapped_needs_volume_validation,sanctify,https://www.sanctify.in/local-seo-google-business-profile-goa/,,,,
signs your website needs a redesign,website_redesign_guide,informational_commercial,awareness_consideration,Goa_or_India_where_natural,/guides/website-redesign-checklist/,guide_or_blog,primary_and_supporting,P2,strategic_expansion_validate,,,,mapped_needs_volume_validation,goa_specialist,https://webdesigncompanygoa.in/guides/website-redesign-checklist/,,,,
hotel website direct booking optimization,hotel_direct_booking_guide,informational_commercial,awareness_consideration,Goa_or_India_where_natural,/guides/hotel-direct-booking-website-goa/,guide_or_blog,primary_and_supporting,P2,strategic_expansion_validate,,,,mapped_needs_volume_validation,goa_specialist,https://webdesigncompanygoa.in/guides/hotel-direct-booking-website-goa/,,,,
