keyword,locality,region,service_cluster,search_intent,target_url,page_strategy,priority,source_evidence,source_query,source_url,observed_at,status,notes
website design company in Goa,Goa,state,web_design,local_transactional,/,homepage,P0,user_seed,User brief,,2026-08-30,candidate_needs_local_volume_and_gsc_validation,"Do not publish a thin location page. Require unique local proof, relevant work, service details, FAQs, and internal links."
web design company in Goa,Goa,state,web_design,local_transactional,/,homepage,P0,strategic_expansion_validate,,,,candidate_needs_local_volume_and_gsc_validation,"Do not publish a thin location page. Require unique local proof, relevant work, service details, FAQs, and internal links."
website designer in Goa,Goa,state,web_design,local_transactional,/,homepage,P0,strategic_expansion_validate,,,,candidate_needs_local_volume_and_gsc_validation,"Do not publish a thin location page. Require unique local proof, relevant work, service details, FAQs, and internal links."
web designer in Goa,Goa,state,web_design,local_transactional,/,homepage,P0,strategic_expansion_validate,,,,candidate_needs_local_volume_and_gsc_validation,"Do not publish a thin location page. Require unique local proof, relevant work, service details, FAQs, and internal links."
website development company in Goa,Goa,state,web_development,local_transactional,/website-development-goa/,statewide_service_page,P0,google_autocomplete_in_en,website development company goa,https://suggestqueries.google.com/complete/search?client=firefox&hl=en&gl=in&q=website%20development%20company%20goa,2026-08-30,candidate_needs_local_volume_and_gsc_validation,"Do not publish a thin location page. Require unique local proof, relevant work, service details, FAQs, and internal links."
web developer in Goa,Goa,state,web_development,local_transactional,/website-development-goa/,statewide_service_page,P0,strategic_expansion_validate,,,,candidate_needs_local_volume_and_gsc_validation,"Do not publish a thin location page. Require unique local proof, relevant work, service details, FAQs, and internal links."
local seo company in Goa,Goa,state,local_seo,local_transactional,/local-seo-goa/,statewide_service_page,P0,strategic_expansion_validate,,,,candidate_needs_local_volume_and_gsc_validation,"Do not publish a thin location page. Require unique local proof, relevant work, service details, FAQs, and internal links."
local seo services in Goa,Goa,state,local_seo,local_transactional,/local-seo-goa/,statewide_service_page,P0,google_autocomplete_in_en,local seo company goa,https://suggestqueries.google.com/complete/search?client=firefox&hl=en&gl=in&q=local%20seo%20company%20goa,2026-08-30,candidate_needs_local_volume_and_gsc_validation,"Do not publish a thin location page. Require unique local proof, relevant work, service details, FAQs, and internal links."
website design company in North Goa,North Goa,north_goa,web_design,local_transactional,/locations/north-goa/,regional_hub,P1,strategic_expansion_validate,,,,candidate_needs_local_volume_and_gsc_validation,"Do not publish a thin location page. Require unique local proof, relevant work, service details, FAQs, and internal links."
web design company in North Goa,North Goa,north_goa,web_design,local_transactional,/locations/north-goa/,regional_hub,P1,strategic_expansion_validate,,,,candidate_needs_local_volume_and_gsc_validation,"Do not publish a thin location page. Require unique local proof, relevant work, service details, FAQs, and internal links."
website designer in North Goa,North Goa,north_goa,web_design,local_transactional,/locations/north-goa/,regional_hub,P1,strategic_expansion_validate,,,,candidate_needs_local_volume_and_gsc_validation,"Do not publish a thin location page. Require unique local proof, relevant work, service details, FAQs, and internal links."
web designer in North Goa,North Goa,north_goa,web_design,local_transactional,/locations/north-goa/,regional_hub,P1,strategic_expansion_validate,,,,candidate_needs_local_volume_and_gsc_validation,"Do not publish a thin location page. Require unique local proof, relevant work, service details, FAQs, and internal links."
website development company in North Goa,North Goa,north_goa,web_development,local_transactional,/website-development-goa/,statewide_service_page_pending_local_validation,P3_validate,strategic_expansion_validate,,,,candidate_needs_local_volume_and_gsc_validation,"Keep this candidate on the statewide service page unless local demand, unique proof, and distinct service content justify an explicit town-service page. Do not stuff town lists into copy."
web developer in North Goa,North Goa,north_goa,web_development,local_transactional,/website-development-goa/,statewide_service_page_pending_local_validation,P3_validate,strategic_expansion_validate,,,,candidate_needs_local_volume_and_gsc_validation,"Keep this candidate on the statewide service page unless local demand, unique proof, and distinct service content justify an explicit town-service page. Do not stuff town lists into copy."
local seo company in North Goa,North Goa,north_goa,local_seo,local_transactional,/local-seo-goa/,statewide_service_page_pending_local_validation,P3_validate,strategic_expansion_validate,,,,candidate_needs_local_volume_and_gsc_validation,"Keep this candidate on the statewide service page unless local demand, unique proof, and distinct service content justify an explicit town-service page. Do not stuff town lists into copy."
local seo services in North Goa,North Goa,north_goa,local_seo,local_transactional,/local-seo-goa/,statewide_service_page_pending_local_validation,P3_validate,strategic_expansion_validate,,,,candidate_needs_local_volume_and_gsc_validation,"Keep this candidate on the statewide service page unless local demand, unique proof, and distinct service content justify an explicit town-service page. Do not stuff town lists into copy."
website design company in South Goa,South Goa,south_goa,web_design,local_transactional,/locations/south-goa/,regional_hub,P1,strategic_expansion_validate,,,,candidate_needs_local_volume_and_gsc_validation,"Do not publish a thin location page. Require unique local proof, relevant work, service details, FAQs, and internal links."
web design company in South Goa,South Goa,south_goa,web_design,local_transactional,/locations/south-goa/,regional_hub,P1,strategic_expansion_validate,,,,candidate_needs_local_volume_and_gsc_validation,"Do not publish a thin location page. Require unique local proof, relevant work, service details, FAQs, and internal links."
website designer in South Goa,South Goa,south_goa,web_design,local_transactional,/locations/south-goa/,regional_hub,P1,strategic_expansion_validate,,,,candidate_needs_local_volume_and_gsc_validation,"Do not publish a thin location page. Require unique local proof, relevant work, service details, FAQs, and internal links."
web designer in South Goa,South Goa,south_goa,web_design,local_transactional,/locations/south-goa/,regional_hub,P1,strategic_expansion_validate,,,,candidate_needs_local_volume_and_gsc_validation,"Do not publish a thin location page. Require unique local proof, relevant work, service details, FAQs, and internal links."
website development company in South Goa,South Goa,south_goa,web_development,local_transactional,/website-development-goa/,statewide_service_page_pending_local_validation,P3_validate,strategic_expansion_validate,,,,candidate_needs_local_volume_and_gsc_validation,"Keep this candidate on the statewide service page unless local demand, unique proof, and distinct service content justify an explicit town-service page. Do not stuff town lists into copy."
web developer in South Goa,South Goa,south_goa,web_development,local_transactional,/website-development-goa/,statewide_service_page_pending_local_validation,P3_validate,strategic_expansion_validate,,,,candidate_needs_local_volume_and_gsc_validation,"Keep this candidate on the statewide service page unless local demand, unique proof, and distinct service content justify an explicit town-service page. Do not stuff town lists into copy."
local seo company in South Goa,South Goa,south_goa,local_seo,local_transactional,/local-seo-goa/,statewide_service_page_pending_local_validation,P3_validate,strategic_expansion_validate,,,,candidate_needs_local_volume_and_gsc_validation,"Keep this candidate on the statewide service page unless local demand, unique proof, and distinct service content justify an explicit town-service page. Do not stuff town lists into copy."
local seo services in South Goa,South Goa,south_goa,local_seo,local_transactional,/local-seo-goa/,statewide_service_page_pending_local_validation,P3_validate,strategic_expansion_validate,,,,candidate_needs_local_volume_and_gsc_validation,"Keep this candidate on the statewide service page unless local demand, unique proof, and distinct service content justify an explicit town-service page. Do not stuff town lists into copy."
website design company in Panaji,Panaji,north_goa,web_design,local_transactional,/locations/panaji/,conditional_local_page,P2,strategic_expansion_validate,,,,candidate_needs_local_volume_and_gsc_validation,"Do not publish a thin location page. Require unique local proof, relevant work, service details, FAQs, and internal links."
web design company in Panaji,Panaji,north_goa,web_design,local_transactional,/locations/panaji/,conditional_local_page,P2,strategic_expansion_validate,,,,candidate_needs_local_volume_and_gsc_validation,"Do not publish a thin location page. Require unique local proof, relevant work, service details, FAQs, and internal links."
website designer in Panaji,Panaji,north_goa,web_design,local_transactional,/locations/panaji/,conditional_local_page,P2,strategic_expansion_validate,,,,candidate_needs_local_volume_and_gsc_validation,"Do not publish a thin location page. Require unique local proof, relevant work, service details, FAQs, and internal links."
web designer in Panaji,Panaji,north_goa,web_design,local_transactional,/locations/panaji/,conditional_local_page,P2,strategic_expansion_validate,,,,candidate_needs_local_volume_and_gsc_validation,"Do not publish a thin location page. Require unique local proof, relevant work, service details, FAQs, and internal links."
website development company in Panaji,Panaji,north_goa,web_development,local_transactional,/website-development-goa/,statewide_service_page_pending_local_validation,P3_validate,strategic_expansion_validate,,,,candidate_needs_local_volume_and_gsc_validation,"Keep this candidate on the statewide service page unless local demand, unique proof, and distinct service content justify an explicit town-service page. Do not stuff town lists into copy."
web developer in Panaji,Panaji,north_goa,web_development,local_transactional,/website-development-goa/,statewide_service_page_pending_local_validation,P3_validate,strategic_expansion_validate,,,,candidate_needs_local_volume_and_gsc_validation,"Keep this candidate on the statewide service page unless local demand, unique proof, and distinct service content justify an explicit town-service page. Do not stuff town lists into copy."
local seo company in Panaji,Panaji,north_goa,local_seo,local_transactional,/local-seo-goa/,statewide_service_page_pending_local_validation,P3_validate,strategic_expansion_validate,,,,candidate_needs_local_volume_and_gsc_validation,"Keep this candidate on the statewide service page unless local demand, unique proof, and distinct service content justify an explicit town-service page. Do not stuff town lists into copy."
local seo services in Panaji,Panaji,north_goa,local_seo,local_transactional,/local-seo-goa/,statewide_service_page_pending_local_validation,P3_validate,strategic_expansion_validate,,,,candidate_needs_local_volume_and_gsc_validation,"Keep this candidate on the statewide service page unless local demand, unique proof, and distinct service content justify an explicit town-service page. Do not stuff town lists into copy."
website design company in Panjim,Panjim,north_goa,web_design,local_transactional,/locations/panaji/,alias_to_panaji_page,P2,strategic_expansion_validate,,,,candidate_needs_local_volume_and_gsc_validation,"Do not publish a thin location page. Require unique local proof, relevant work, service details, FAQs, and internal links."
web design company in Panjim,Panjim,north_goa,web_design,local_transactional,/locations/panaji/,alias_to_panaji_page,P2,strategic_expansion_validate,,,,candidate_needs_local_volume_and_gsc_validation,"Do not publish a thin location page. Require unique local proof, relevant work, service details, FAQs, and internal links."
website designer in Panjim,Panjim,north_goa,web_design,local_transactional,/locations/panaji/,alias_to_panaji_page,P2,strategic_expansion_validate,,,,candidate_needs_local_volume_and_gsc_validation,"Do not publish a thin location page. Require unique local proof, relevant work, service details, FAQs, and internal links."
web designer in Panjim,Panjim,north_goa,web_design,local_transactional,/locations/panaji/,alias_to_panaji_page,P2,strategic_expansion_validate,,,,candidate_needs_local_volume_and_gsc_validation,"Do not publish a thin location page. Require unique local proof, relevant work, service details, FAQs, and internal links."
website development company in Panjim,Panjim,north_goa,web_development,local_transactional,/website-development-goa/,statewide_service_page_pending_local_validation,P3_validate,strategic_expansion_validate,,,,candidate_needs_local_volume_and_gsc_validation,"Keep this candidate on the statewide service page unless local demand, unique proof, and distinct service content justify an explicit town-service page. Do not stuff town lists into copy."
web developer in Panjim,Panjim,north_goa,web_development,local_transactional,/website-development-goa/,statewide_service_page_pending_local_validation,P3_validate,strategic_expansion_validate,,,,candidate_needs_local_volume_and_gsc_validation,"Keep this candidate on the statewide service page unless local demand, unique proof, and distinct service content justify an explicit town-service page. Do not stuff town lists into copy."
local seo company in Panjim,Panjim,north_goa,local_seo,local_transactional,/local-seo-goa/,statewide_service_page_pending_local_validation,P3_validate,strategic_expansion_validate,,,,candidate_needs_local_volume_and_gsc_validation,"Keep this candidate on the statewide service page unless local demand, unique proof, and distinct service content justify an explicit town-service page. Do not stuff town lists into copy."
local seo services in Panjim,Panjim,north_goa,local_seo,local_transactional,/local-seo-goa/,statewide_service_page_pending_local_validation,P3_validate,strategic_expansion_validate,,,,candidate_needs_local_volume_and_gsc_validation,"Keep this candidate on the statewide service page unless local demand, unique proof, and distinct service content justify an explicit town-service page. Do not stuff town lists into copy."
website design company in Porvorim,Porvorim,north_goa,web_design,local_transactional,/locations/porvorim/,conditional_local_page,P2,strategic_expansion_validate,,,,candidate_needs_local_volume_and_gsc_validation,"Do not publish a thin location page. Require unique local proof, relevant work, service details, FAQs, and internal links."
web design company in Porvorim,Porvorim,north_goa,web_design,local_transactional,/locations/porvorim/,conditional_local_page,P2,strategic_expansion_validate,,,,candidate_needs_local_volume_and_gsc_validation,"Do not publish a thin location page. Require unique local proof, relevant work, service details, FAQs, and internal links."
website designer in Porvorim,Porvorim,north_goa,web_design,local_transactional,/locations/porvorim/,conditional_local_page,P2,strategic_expansion_validate,,,,candidate_needs_local_volume_and_gsc_validation,"Do not publish a thin location page. Require unique local proof, relevant work, service details, FAQs, and internal links."
web designer in Porvorim,Porvorim,north_goa,web_design,local_transactional,/locations/porvorim/,conditional_local_page,P2,strategic_expansion_validate,,,,candidate_needs_local_volume_and_gsc_validation,"Do not publish a thin location page. Require unique local proof, relevant work, service details, FAQs, and internal links."
website development company in Porvorim,Porvorim,north_goa,web_development,local_transactional,/website-development-goa/,statewide_service_page_pending_local_validation,P3_validate,strategic_expansion_validate,,,,candidate_needs_local_volume_and_gsc_validation,"Keep this candidate on the statewide service page unless local demand, unique proof, and distinct service content justify an explicit town-service page. Do not stuff town lists into copy."
web developer in Porvorim,Porvorim,north_goa,web_development,local_transactional,/website-development-goa/,statewide_service_page_pending_local_validation,P3_validate,strategic_expansion_validate,,,,candidate_needs_local_volume_and_gsc_validation,"Keep this candidate on the statewide service page unless local demand, unique proof, and distinct service content justify an explicit town-service page. Do not stuff town lists into copy."
local seo company in Porvorim,Porvorim,north_goa,local_seo,local_transactional,/local-seo-goa/,statewide_service_page_pending_local_validation,P3_validate,strategic_expansion_validate,,,,candidate_needs_local_volume_and_gsc_validation,"Keep this candidate on the statewide service page unless local demand, unique proof, and distinct service content justify an explicit town-service page. Do not stuff town lists into copy."
local seo services in Porvorim,Porvorim,north_goa,local_seo,local_transactional,/local-seo-goa/,statewide_service_page_pending_local_validation,P3_validate,strategic_expansion_validate,,,,candidate_needs_local_volume_and_gsc_validation,"Keep this candidate on the statewide service page unless local demand, unique proof, and distinct service content justify an explicit town-service page. Do not stuff town lists into copy."
website design company in Mapusa,Mapusa,north_goa,web_design,local_transactional,/locations/mapusa/,conditional_local_page,P2,strategic_expansion_validate,,,,candidate_needs_local_volume_and_gsc_validation,"Do not publish a thin location page. Require unique local proof, relevant work, service details, FAQs, and internal links."
web design company in Mapusa,Mapusa,north_goa,web_design,local_transactional,/locations/mapusa/,conditional_local_page,P2,strategic_expansion_validate,,,,candidate_needs_local_volume_and_gsc_validation,"Do not publish a thin location page. Require unique local proof, relevant work, service details, FAQs, and internal links."
website designer in Mapusa,Mapusa,north_goa,web_design,local_transactional,/locations/mapusa/,conditional_local_page,P2,strategic_expansion_validate,,,,candidate_needs_local_volume_and_gsc_validation,"Do not publish a thin location page. Require unique local proof, relevant work, service details, FAQs, and internal links."
web designer in Mapusa,Mapusa,north_goa,web_design,local_transactional,/locations/mapusa/,conditional_local_page,P2,strategic_expansion_validate,,,,candidate_needs_local_volume_and_gsc_validation,"Do not publish a thin location page. Require unique local proof, relevant work, service details, FAQs, and internal links."
website development company in Mapusa,Mapusa,north_goa,web_development,local_transactional,/website-development-goa/,statewide_service_page_pending_local_validation,P3_validate,strategic_expansion_validate,,,,candidate_needs_local_volume_and_gsc_validation,"Keep this candidate on the statewide service page unless local demand, unique proof, and distinct service content justify an explicit town-service page. Do not stuff town lists into copy."
web developer in Mapusa,Mapusa,north_goa,web_development,local_transactional,/website-development-goa/,statewide_service_page_pending_local_validation,P3_validate,strategic_expansion_validate,,,,candidate_needs_local_volume_and_gsc_validation,"Keep this candidate on the statewide service page unless local demand, unique proof, and distinct service content justify an explicit town-service page. Do not stuff town lists into copy."
local seo company in Mapusa,Mapusa,north_goa,local_seo,local_transactional,/local-seo-goa/,statewide_service_page_pending_local_validation,P3_validate,strategic_expansion_validate,,,,candidate_needs_local_volume_and_gsc_validation,"Keep this candidate on the statewide service page unless local demand, unique proof, and distinct service content justify an explicit town-service page. Do not stuff town lists into copy."
local seo services in Mapusa,Mapusa,north_goa,local_seo,local_transactional,/local-seo-goa/,statewide_service_page_pending_local_validation,P3_validate,strategic_expansion_validate,,,,candidate_needs_local_volume_and_gsc_validation,"Keep this candidate on the statewide service page unless local demand, unique proof, and distinct service content justify an explicit town-service page. Do not stuff town lists into copy."
website design company in Calangute,Calangute,north_goa,web_design,local_transactional,/locations/calangute/,conditional_local_page,P3_validate,strategic_expansion_validate,,,,candidate_needs_local_volume_and_gsc_validation,"Do not publish a thin location page. Require unique local proof, relevant work, service details, FAQs, and internal links."
web design company in Calangute,Calangute,north_goa,web_design,local_transactional,/locations/calangute/,conditional_local_page,P3_validate,strategic_expansion_validate,,,,candidate_needs_local_volume_and_gsc_validation,"Do not publish a thin location page. Require unique local proof, relevant work, service details, FAQs, and internal links."
website designer in Calangute,Calangute,north_goa,web_design,local_transactional,/locations/calangute/,conditional_local_page,P3_validate,strategic_expansion_validate,,,,candidate_needs_local_volume_and_gsc_validation,"Do not publish a thin location page. Require unique local proof, relevant work, service details, FAQs, and internal links."
web designer in Calangute,Calangute,north_goa,web_design,local_transactional,/locations/calangute/,conditional_local_page,P3_validate,strategic_expansion_validate,,,,candidate_needs_local_volume_and_gsc_validation,"Do not publish a thin location page. Require unique local proof, relevant work, service details, FAQs, and internal links."
website development company in Calangute,Calangute,north_goa,web_development,local_transactional,/website-development-goa/,statewide_service_page_pending_local_validation,P3_validate,strategic_expansion_validate,,,,candidate_needs_local_volume_and_gsc_validation,"Keep this candidate on the statewide service page unless local demand, unique proof, and distinct service content justify an explicit town-service page. Do not stuff town lists into copy."
web developer in Calangute,Calangute,north_goa,web_development,local_transactional,/website-development-goa/,statewide_service_page_pending_local_validation,P3_validate,strategic_expansion_validate,,,,candidate_needs_local_volume_and_gsc_validation,"Keep this candidate on the statewide service page unless local demand, unique proof, and distinct service content justify an explicit town-service page. Do not stuff town lists into copy."
local seo company in Calangute,Calangute,north_goa,local_seo,local_transactional,/local-seo-goa/,statewide_service_page_pending_local_validation,P3_validate,strategic_expansion_validate,,,,candidate_needs_local_volume_and_gsc_validation,"Keep this candidate on the statewide service page unless local demand, unique proof, and distinct service content justify an explicit town-service page. Do not stuff town lists into copy."
local seo services in Calangute,Calangute,north_goa,local_seo,local_transactional,/local-seo-goa/,statewide_service_page_pending_local_validation,P3_validate,strategic_expansion_validate,,,,candidate_needs_local_volume_and_gsc_validation,"Keep this candidate on the statewide service page unless local demand, unique proof, and distinct service content justify an explicit town-service page. Do not stuff town lists into copy."
website design company in Candolim,Candolim,north_goa,web_design,local_transactional,/locations/candolim/,conditional_local_page,P3_validate,strategic_expansion_validate,,,,candidate_needs_local_volume_and_gsc_validation,"Do not publish a thin location page. Require unique local proof, relevant work, service details, FAQs, and internal links."
web design company in Candolim,Candolim,north_goa,web_design,local_transactional,/locations/candolim/,conditional_local_page,P3_validate,strategic_expansion_validate,,,,candidate_needs_local_volume_and_gsc_validation,"Do not publish a thin location page. Require unique local proof, relevant work, service details, FAQs, and internal links."
website designer in Candolim,Candolim,north_goa,web_design,local_transactional,/locations/candolim/,conditional_local_page,P3_validate,strategic_expansion_validate,,,,candidate_needs_local_volume_and_gsc_validation,"Do not publish a thin location page. Require unique local proof, relevant work, service details, FAQs, and internal links."
web designer in Candolim,Candolim,north_goa,web_design,local_transactional,/locations/candolim/,conditional_local_page,P3_validate,strategic_expansion_validate,,,,candidate_needs_local_volume_and_gsc_validation,"Do not publish a thin location page. Require unique local proof, relevant work, service details, FAQs, and internal links."
website development company in Candolim,Candolim,north_goa,web_development,local_transactional,/website-development-goa/,statewide_service_page_pending_local_validation,P3_validate,strategic_expansion_validate,,,,candidate_needs_local_volume_and_gsc_validation,"Keep this candidate on the statewide service page unless local demand, unique proof, and distinct service content justify an explicit town-service page. Do not stuff town lists into copy."
web developer in Candolim,Candolim,north_goa,web_development,local_transactional,/website-development-goa/,statewide_service_page_pending_local_validation,P3_validate,strategic_expansion_validate,,,,candidate_needs_local_volume_and_gsc_validation,"Keep this candidate on the statewide service page unless local demand, unique proof, and distinct service content justify an explicit town-service page. Do not stuff town lists into copy."
local seo company in Candolim,Candolim,north_goa,local_seo,local_transactional,/local-seo-goa/,statewide_service_page_pending_local_validation,P3_validate,strategic_expansion_validate,,,,candidate_needs_local_volume_and_gsc_validation,"Keep this candidate on the statewide service page unless local demand, unique proof, and distinct service content justify an explicit town-service page. Do not stuff town lists into copy."
local seo services in Candolim,Candolim,north_goa,local_seo,local_transactional,/local-seo-goa/,statewide_service_page_pending_local_validation,P3_validate,strategic_expansion_validate,,,,candidate_needs_local_volume_and_gsc_validation,"Keep this candidate on the statewide service page unless local demand, unique proof, and distinct service content justify an explicit town-service page. Do not stuff town lists into copy."
website design company in Baga,Baga,north_goa,web_design,local_transactional,/locations/baga/,conditional_local_page,P3_validate,strategic_expansion_validate,,,,candidate_needs_local_volume_and_gsc_validation,"Do not publish a thin location page. Require unique local proof, relevant work, service details, FAQs, and internal links."
web design company in Baga,Baga,north_goa,web_design,local_transactional,/locations/baga/,conditional_local_page,P3_validate,strategic_expansion_validate,,,,candidate_needs_local_volume_and_gsc_validation,"Do not publish a thin location page. Require unique local proof, relevant work, service details, FAQs, and internal links."
website designer in Baga,Baga,north_goa,web_design,local_transactional,/locations/baga/,conditional_local_page,P3_validate,strategic_expansion_validate,,,,candidate_needs_local_volume_and_gsc_validation,"Do not publish a thin location page. Require unique local proof, relevant work, service details, FAQs, and internal links."
web designer in Baga,Baga,north_goa,web_design,local_transactional,/locations/baga/,conditional_local_page,P3_validate,strategic_expansion_validate,,,,candidate_needs_local_volume_and_gsc_validation,"Do not publish a thin location page. Require unique local proof, relevant work, service details, FAQs, and internal links."
website development company in Baga,Baga,north_goa,web_development,local_transactional,/website-development-goa/,statewide_service_page_pending_local_validation,P3_validate,strategic_expansion_validate,,,,candidate_needs_local_volume_and_gsc_validation,"Keep this candidate on the statewide service page unless local demand, unique proof, and distinct service content justify an explicit town-service page. Do not stuff town lists into copy."
web developer in Baga,Baga,north_goa,web_development,local_transactional,/website-development-goa/,statewide_service_page_pending_local_validation,P3_validate,strategic_expansion_validate,,,,candidate_needs_local_volume_and_gsc_validation,"Keep this candidate on the statewide service page unless local demand, unique proof, and distinct service content justify an explicit town-service page. Do not stuff town lists into copy."
local seo company in Baga,Baga,north_goa,local_seo,local_transactional,/local-seo-goa/,statewide_service_page_pending_local_validation,P3_validate,strategic_expansion_validate,,,,candidate_needs_local_volume_and_gsc_validation,"Keep this candidate on the statewide service page unless local demand, unique proof, and distinct service content justify an explicit town-service page. Do not stuff town lists into copy."
local seo services in Baga,Baga,north_goa,local_seo,local_transactional,/local-seo-goa/,statewide_service_page_pending_local_validation,P3_validate,strategic_expansion_validate,,,,candidate_needs_local_volume_and_gsc_validation,"Keep this candidate on the statewide service page unless local demand, unique proof, and distinct service content justify an explicit town-service page. Do not stuff town lists into copy."
website design company in Anjuna,Anjuna,north_goa,web_design,local_transactional,/locations/anjuna/,conditional_local_page,P3_validate,strategic_expansion_validate,,,,candidate_needs_local_volume_and_gsc_validation,"Do not publish a thin location page. Require unique local proof, relevant work, service details, FAQs, and internal links."
web design company in Anjuna,Anjuna,north_goa,web_design,local_transactional,/locations/anjuna/,conditional_local_page,P3_validate,strategic_expansion_validate,,,,candidate_needs_local_volume_and_gsc_validation,"Do not publish a thin location page. Require unique local proof, relevant work, service details, FAQs, and internal links."
website designer in Anjuna,Anjuna,north_goa,web_design,local_transactional,/locations/anjuna/,conditional_local_page,P3_validate,strategic_expansion_validate,,,,candidate_needs_local_volume_and_gsc_validation,"Do not publish a thin location page. Require unique local proof, relevant work, service details, FAQs, and internal links."
web designer in Anjuna,Anjuna,north_goa,web_design,local_transactional,/locations/anjuna/,conditional_local_page,P3_validate,strategic_expansion_validate,,,,candidate_needs_local_volume_and_gsc_validation,"Do not publish a thin location page. Require unique local proof, relevant work, service details, FAQs, and internal links."
website development company in Anjuna,Anjuna,north_goa,web_development,local_transactional,/website-development-goa/,statewide_service_page_pending_local_validation,P3_validate,strategic_expansion_validate,,,,candidate_needs_local_volume_and_gsc_validation,"Keep this candidate on the statewide service page unless local demand, unique proof, and distinct service content justify an explicit town-service page. Do not stuff town lists into copy."
web developer in Anjuna,Anjuna,north_goa,web_development,local_transactional,/website-development-goa/,statewide_service_page_pending_local_validation,P3_validate,strategic_expansion_validate,,,,candidate_needs_local_volume_and_gsc_validation,"Keep this candidate on the statewide service page unless local demand, unique proof, and distinct service content justify an explicit town-service page. Do not stuff town lists into copy."
local seo company in Anjuna,Anjuna,north_goa,local_seo,local_transactional,/local-seo-goa/,statewide_service_page_pending_local_validation,P3_validate,strategic_expansion_validate,,,,candidate_needs_local_volume_and_gsc_validation,"Keep this candidate on the statewide service page unless local demand, unique proof, and distinct service content justify an explicit town-service page. Do not stuff town lists into copy."
local seo services in Anjuna,Anjuna,north_goa,local_seo,local_transactional,/local-seo-goa/,statewide_service_page_pending_local_validation,P3_validate,strategic_expansion_validate,,,,candidate_needs_local_volume_and_gsc_validation,"Keep this candidate on the statewide service page unless local demand, unique proof, and distinct service content justify an explicit town-service page. Do not stuff town lists into copy."
website design company in Arpora,Arpora,north_goa,web_design,local_transactional,/locations/arpora/,conditional_local_page,P3_validate,strategic_expansion_validate,,,,candidate_needs_local_volume_and_gsc_validation,"Do not publish a thin location page. Require unique local proof, relevant work, service details, FAQs, and internal links."
web design company in Arpora,Arpora,north_goa,web_design,local_transactional,/locations/arpora/,conditional_local_page,P3_validate,strategic_expansion_validate,,,,candidate_needs_local_volume_and_gsc_validation,"Do not publish a thin location page. Require unique local proof, relevant work, service details, FAQs, and internal links."
website designer in Arpora,Arpora,north_goa,web_design,local_transactional,/locations/arpora/,conditional_local_page,P3_validate,strategic_expansion_validate,,,,candidate_needs_local_volume_and_gsc_validation,"Do not publish a thin location page. Require unique local proof, relevant work, service details, FAQs, and internal links."
web designer in Arpora,Arpora,north_goa,web_design,local_transactional,/locations/arpora/,conditional_local_page,P3_validate,strategic_expansion_validate,,,,candidate_needs_local_volume_and_gsc_validation,"Do not publish a thin location page. Require unique local proof, relevant work, service details, FAQs, and internal links."
website development company in Arpora,Arpora,north_goa,web_development,local_transactional,/website-development-goa/,statewide_service_page_pending_local_validation,P3_validate,strategic_expansion_validate,,,,candidate_needs_local_volume_and_gsc_validation,"Keep this candidate on the statewide service page unless local demand, unique proof, and distinct service content justify an explicit town-service page. Do not stuff town lists into copy."
web developer in Arpora,Arpora,north_goa,web_development,local_transactional,/website-development-goa/,statewide_service_page_pending_local_validation,P3_validate,strategic_expansion_validate,,,,candidate_needs_local_volume_and_gsc_validation,"Keep this candidate on the statewide service page unless local demand, unique proof, and distinct service content justify an explicit town-service page. Do not stuff town lists into copy."
local seo company in Arpora,Arpora,north_goa,local_seo,local_transactional,/local-seo-goa/,statewide_service_page_pending_local_validation,P3_validate,strategic_expansion_validate,,,,candidate_needs_local_volume_and_gsc_validation,"Keep this candidate on the statewide service page unless local demand, unique proof, and distinct service content justify an explicit town-service page. Do not stuff town lists into copy."
local seo services in Arpora,Arpora,north_goa,local_seo,local_transactional,/local-seo-goa/,statewide_service_page_pending_local_validation,P3_validate,strategic_expansion_validate,,,,candidate_needs_local_volume_and_gsc_validation,"Keep this candidate on the statewide service page unless local demand, unique proof, and distinct service content justify an explicit town-service page. Do not stuff town lists into copy."
website design company in Assagao,Assagao,north_goa,web_design,local_transactional,/locations/assagao/,conditional_local_page,P3_validate,strategic_expansion_validate,,,,candidate_needs_local_volume_and_gsc_validation,"Do not publish a thin location page. Require unique local proof, relevant work, service details, FAQs, and internal links."
web design company in Assagao,Assagao,north_goa,web_design,local_transactional,/locations/assagao/,conditional_local_page,P3_validate,strategic_expansion_validate,,,,candidate_needs_local_volume_and_gsc_validation,"Do not publish a thin location page. Require unique local proof, relevant work, service details, FAQs, and internal links."
website designer in Assagao,Assagao,north_goa,web_design,local_transactional,/locations/assagao/,conditional_local_page,P3_validate,strategic_expansion_validate,,,,candidate_needs_local_volume_and_gsc_validation,"Do not publish a thin location page. Require unique local proof, relevant work, service details, FAQs, and internal links."
web designer in Assagao,Assagao,north_goa,web_design,local_transactional,/locations/assagao/,conditional_local_page,P3_validate,strategic_expansion_validate,,,,candidate_needs_local_volume_and_gsc_validation,"Do not publish a thin location page. Require unique local proof, relevant work, service details, FAQs, and internal links."
website development company in Assagao,Assagao,north_goa,web_development,local_transactional,/website-development-goa/,statewide_service_page_pending_local_validation,P3_validate,strategic_expansion_validate,,,,candidate_needs_local_volume_and_gsc_validation,"Keep this candidate on the statewide service page unless local demand, unique proof, and distinct service content justify an explicit town-service page. Do not stuff town lists into copy."
web developer in Assagao,Assagao,north_goa,web_development,local_transactional,/website-development-goa/,statewide_service_page_pending_local_validation,P3_validate,strategic_expansion_validate,,,,candidate_needs_local_volume_and_gsc_validation,"Keep this candidate on the statewide service page unless local demand, unique proof, and distinct service content justify an explicit town-service page. Do not stuff town lists into copy."
local seo company in Assagao,Assagao,north_goa,local_seo,local_transactional,/local-seo-goa/,statewide_service_page_pending_local_validation,P3_validate,strategic_expansion_validate,,,,candidate_needs_local_volume_and_gsc_validation,"Keep this candidate on the statewide service page unless local demand, unique proof, and distinct service content justify an explicit town-service page. Do not stuff town lists into copy."
local seo services in Assagao,Assagao,north_goa,local_seo,local_transactional,/local-seo-goa/,statewide_service_page_pending_local_validation,P3_validate,strategic_expansion_validate,,,,candidate_needs_local_volume_and_gsc_validation,"Keep this candidate on the statewide service page unless local demand, unique proof, and distinct service content justify an explicit town-service page. Do not stuff town lists into copy."
website design company in Siolim,Siolim,north_goa,web_design,local_transactional,/locations/siolim/,conditional_local_page,P3_validate,strategic_expansion_validate,,,,candidate_needs_local_volume_and_gsc_validation,"Do not publish a thin location page. Require unique local proof, relevant work, service details, FAQs, and internal links."
web design company in Siolim,Siolim,north_goa,web_design,local_transactional,/locations/siolim/,conditional_local_page,P3_validate,strategic_expansion_validate,,,,candidate_needs_local_volume_and_gsc_validation,"Do not publish a thin location page. Require unique local proof, relevant work, service details, FAQs, and internal links."
website designer in Siolim,Siolim,north_goa,web_design,local_transactional,/locations/siolim/,conditional_local_page,P3_validate,strategic_expansion_validate,,,,candidate_needs_local_volume_and_gsc_validation,"Do not publish a thin location page. Require unique local proof, relevant work, service details, FAQs, and internal links."
web designer in Siolim,Siolim,north_goa,web_design,local_transactional,/locations/siolim/,conditional_local_page,P3_validate,strategic_expansion_validate,,,,candidate_needs_local_volume_and_gsc_validation,"Do not publish a thin location page. Require unique local proof, relevant work, service details, FAQs, and internal links."
website development company in Siolim,Siolim,north_goa,web_development,local_transactional,/website-development-goa/,statewide_service_page_pending_local_validation,P3_validate,strategic_expansion_validate,,,,candidate_needs_local_volume_and_gsc_validation,"Keep this candidate on the statewide service page unless local demand, unique proof, and distinct service content justify an explicit town-service page. Do not stuff town lists into copy."
web developer in Siolim,Siolim,north_goa,web_development,local_transactional,/website-development-goa/,statewide_service_page_pending_local_validation,P3_validate,strategic_expansion_validate,,,,candidate_needs_local_volume_and_gsc_validation,"Keep this candidate on the statewide service page unless local demand, unique proof, and distinct service content justify an explicit town-service page. Do not stuff town lists into copy."
local seo company in Siolim,Siolim,north_goa,local_seo,local_transactional,/local-seo-goa/,statewide_service_page_pending_local_validation,P3_validate,strategic_expansion_validate,,,,candidate_needs_local_volume_and_gsc_validation,"Keep this candidate on the statewide service page unless local demand, unique proof, and distinct service content justify an explicit town-service page. Do not stuff town lists into copy."
local seo services in Siolim,Siolim,north_goa,local_seo,local_transactional,/local-seo-goa/,statewide_service_page_pending_local_validation,P3_validate,strategic_expansion_validate,,,,candidate_needs_local_volume_and_gsc_validation,"Keep this candidate on the statewide service page unless local demand, unique proof, and distinct service content justify an explicit town-service page. Do not stuff town lists into copy."
website design company in Morjim,Morjim,north_goa,web_design,local_transactional,/locations/morjim/,conditional_local_page,P3_validate,strategic_expansion_validate,,,,candidate_needs_local_volume_and_gsc_validation,"Do not publish a thin location page. Require unique local proof, relevant work, service details, FAQs, and internal links."
web design company in Morjim,Morjim,north_goa,web_design,local_transactional,/locations/morjim/,conditional_local_page,P3_validate,strategic_expansion_validate,,,,candidate_needs_local_volume_and_gsc_validation,"Do not publish a thin location page. Require unique local proof, relevant work, service details, FAQs, and internal links."
website designer in Morjim,Morjim,north_goa,web_design,local_transactional,/locations/morjim/,conditional_local_page,P3_validate,strategic_expansion_validate,,,,candidate_needs_local_volume_and_gsc_validation,"Do not publish a thin location page. Require unique local proof, relevant work, service details, FAQs, and internal links."
web designer in Morjim,Morjim,north_goa,web_design,local_transactional,/locations/morjim/,conditional_local_page,P3_validate,strategic_expansion_validate,,,,candidate_needs_local_volume_and_gsc_validation,"Do not publish a thin location page. Require unique local proof, relevant work, service details, FAQs, and internal links."
website development company in Morjim,Morjim,north_goa,web_development,local_transactional,/website-development-goa/,statewide_service_page_pending_local_validation,P3_validate,strategic_expansion_validate,,,,candidate_needs_local_volume_and_gsc_validation,"Keep this candidate on the statewide service page unless local demand, unique proof, and distinct service content justify an explicit town-service page. Do not stuff town lists into copy."
web developer in Morjim,Morjim,north_goa,web_development,local_transactional,/website-development-goa/,statewide_service_page_pending_local_validation,P3_validate,strategic_expansion_validate,,,,candidate_needs_local_volume_and_gsc_validation,"Keep this candidate on the statewide service page unless local demand, unique proof, and distinct service content justify an explicit town-service page. Do not stuff town lists into copy."
local seo company in Morjim,Morjim,north_goa,local_seo,local_transactional,/local-seo-goa/,statewide_service_page_pending_local_validation,P3_validate,strategic_expansion_validate,,,,candidate_needs_local_volume_and_gsc_validation,"Keep this candidate on the statewide service page unless local demand, unique proof, and distinct service content justify an explicit town-service page. Do not stuff town lists into copy."
local seo services in Morjim,Morjim,north_goa,local_seo,local_transactional,/local-seo-goa/,statewide_service_page_pending_local_validation,P3_validate,strategic_expansion_validate,,,,candidate_needs_local_volume_and_gsc_validation,"Keep this candidate on the statewide service page unless local demand, unique proof, and distinct service content justify an explicit town-service page. Do not stuff town lists into copy."
website design company in Mandrem,Mandrem,north_goa,web_design,local_transactional,/locations/mandrem/,conditional_local_page,P3_validate,strategic_expansion_validate,,,,candidate_needs_local_volume_and_gsc_validation,"Do not publish a thin location page. Require unique local proof, relevant work, service details, FAQs, and internal links."
web design company in Mandrem,Mandrem,north_goa,web_design,local_transactional,/locations/mandrem/,conditional_local_page,P3_validate,strategic_expansion_validate,,,,candidate_needs_local_volume_and_gsc_validation,"Do not publish a thin location page. Require unique local proof, relevant work, service details, FAQs, and internal links."
website designer in Mandrem,Mandrem,north_goa,web_design,local_transactional,/locations/mandrem/,conditional_local_page,P3_validate,strategic_expansion_validate,,,,candidate_needs_local_volume_and_gsc_validation,"Do not publish a thin location page. Require unique local proof, relevant work, service details, FAQs, and internal links."
web designer in Mandrem,Mandrem,north_goa,web_design,local_transactional,/locations/mandrem/,conditional_local_page,P3_validate,strategic_expansion_validate,,,,candidate_needs_local_volume_and_gsc_validation,"Do not publish a thin location page. Require unique local proof, relevant work, service details, FAQs, and internal links."
website development company in Mandrem,Mandrem,north_goa,web_development,local_transactional,/website-development-goa/,statewide_service_page_pending_local_validation,P3_validate,strategic_expansion_validate,,,,candidate_needs_local_volume_and_gsc_validation,"Keep this candidate on the statewide service page unless local demand, unique proof, and distinct service content justify an explicit town-service page. Do not stuff town lists into copy."
web developer in Mandrem,Mandrem,north_goa,web_development,local_transactional,/website-development-goa/,statewide_service_page_pending_local_validation,P3_validate,strategic_expansion_validate,,,,candidate_needs_local_volume_and_gsc_validation,"Keep this candidate on the statewide service page unless local demand, unique proof, and distinct service content justify an explicit town-service page. Do not stuff town lists into copy."
local seo company in Mandrem,Mandrem,north_goa,local_seo,local_transactional,/local-seo-goa/,statewide_service_page_pending_local_validation,P3_validate,strategic_expansion_validate,,,,candidate_needs_local_volume_and_gsc_validation,"Keep this candidate on the statewide service page unless local demand, unique proof, and distinct service content justify an explicit town-service page. Do not stuff town lists into copy."
local seo services in Mandrem,Mandrem,north_goa,local_seo,local_transactional,/local-seo-goa/,statewide_service_page_pending_local_validation,P3_validate,strategic_expansion_validate,,,,candidate_needs_local_volume_and_gsc_validation,"Keep this candidate on the statewide service page unless local demand, unique proof, and distinct service content justify an explicit town-service page. Do not stuff town lists into copy."
website design company in Pernem,Pernem,north_goa,web_design,local_transactional,/locations/pernem/,conditional_local_page,P3_validate,strategic_expansion_validate,,,,candidate_needs_local_volume_and_gsc_validation,"Do not publish a thin location page. Require unique local proof, relevant work, service details, FAQs, and internal links."
web design company in Pernem,Pernem,north_goa,web_design,local_transactional,/locations/pernem/,conditional_local_page,P3_validate,strategic_expansion_validate,,,,candidate_needs_local_volume_and_gsc_validation,"Do not publish a thin location page. Require unique local proof, relevant work, service details, FAQs, and internal links."
website designer in Pernem,Pernem,north_goa,web_design,local_transactional,/locations/pernem/,conditional_local_page,P3_validate,strategic_expansion_validate,,,,candidate_needs_local_volume_and_gsc_validation,"Do not publish a thin location page. Require unique local proof, relevant work, service details, FAQs, and internal links."
web designer in Pernem,Pernem,north_goa,web_design,local_transactional,/locations/pernem/,conditional_local_page,P3_validate,strategic_expansion_validate,,,,candidate_needs_local_volume_and_gsc_validation,"Do not publish a thin location page. Require unique local proof, relevant work, service details, FAQs, and internal links."
website development company in Pernem,Pernem,north_goa,web_development,local_transactional,/website-development-goa/,statewide_service_page_pending_local_validation,P3_validate,strategic_expansion_validate,,,,candidate_needs_local_volume_and_gsc_validation,"Keep this candidate on the statewide service page unless local demand, unique proof, and distinct service content justify an explicit town-service page. Do not stuff town lists into copy."
web developer in Pernem,Pernem,north_goa,web_development,local_transactional,/website-development-goa/,statewide_service_page_pending_local_validation,P3_validate,strategic_expansion_validate,,,,candidate_needs_local_volume_and_gsc_validation,"Keep this candidate on the statewide service page unless local demand, unique proof, and distinct service content justify an explicit town-service page. Do not stuff town lists into copy."
local seo company in Pernem,Pernem,north_goa,local_seo,local_transactional,/local-seo-goa/,statewide_service_page_pending_local_validation,P3_validate,strategic_expansion_validate,,,,candidate_needs_local_volume_and_gsc_validation,"Keep this candidate on the statewide service page unless local demand, unique proof, and distinct service content justify an explicit town-service page. Do not stuff town lists into copy."
local seo services in Pernem,Pernem,north_goa,local_seo,local_transactional,/local-seo-goa/,statewide_service_page_pending_local_validation,P3_validate,strategic_expansion_validate,,,,candidate_needs_local_volume_and_gsc_validation,"Keep this candidate on the statewide service page unless local demand, unique proof, and distinct service content justify an explicit town-service page. Do not stuff town lists into copy."
website design company in Dona Paula,Dona Paula,north_goa,web_design,local_transactional,/locations/dona-paula/,conditional_local_page,P3_validate,strategic_expansion_validate,,,,candidate_needs_local_volume_and_gsc_validation,"Do not publish a thin location page. Require unique local proof, relevant work, service details, FAQs, and internal links."
web design company in Dona Paula,Dona Paula,north_goa,web_design,local_transactional,/locations/dona-paula/,conditional_local_page,P3_validate,strategic_expansion_validate,,,,candidate_needs_local_volume_and_gsc_validation,"Do not publish a thin location page. Require unique local proof, relevant work, service details, FAQs, and internal links."
website designer in Dona Paula,Dona Paula,north_goa,web_design,local_transactional,/locations/dona-paula/,conditional_local_page,P3_validate,strategic_expansion_validate,,,,candidate_needs_local_volume_and_gsc_validation,"Do not publish a thin location page. Require unique local proof, relevant work, service details, FAQs, and internal links."
web designer in Dona Paula,Dona Paula,north_goa,web_design,local_transactional,/locations/dona-paula/,conditional_local_page,P3_validate,strategic_expansion_validate,,,,candidate_needs_local_volume_and_gsc_validation,"Do not publish a thin location page. Require unique local proof, relevant work, service details, FAQs, and internal links."
website development company in Dona Paula,Dona Paula,north_goa,web_development,local_transactional,/website-development-goa/,statewide_service_page_pending_local_validation,P3_validate,strategic_expansion_validate,,,,candidate_needs_local_volume_and_gsc_validation,"Keep this candidate on the statewide service page unless local demand, unique proof, and distinct service content justify an explicit town-service page. Do not stuff town lists into copy."
web developer in Dona Paula,Dona Paula,north_goa,web_development,local_transactional,/website-development-goa/,statewide_service_page_pending_local_validation,P3_validate,strategic_expansion_validate,,,,candidate_needs_local_volume_and_gsc_validation,"Keep this candidate on the statewide service page unless local demand, unique proof, and distinct service content justify an explicit town-service page. Do not stuff town lists into copy."
local seo company in Dona Paula,Dona Paula,north_goa,local_seo,local_transactional,/local-seo-goa/,statewide_service_page_pending_local_validation,P3_validate,strategic_expansion_validate,,,,candidate_needs_local_volume_and_gsc_validation,"Keep this candidate on the statewide service page unless local demand, unique proof, and distinct service content justify an explicit town-service page. Do not stuff town lists into copy."
local seo services in Dona Paula,Dona Paula,north_goa,local_seo,local_transactional,/local-seo-goa/,statewide_service_page_pending_local_validation,P3_validate,strategic_expansion_validate,,,,candidate_needs_local_volume_and_gsc_validation,"Keep this candidate on the statewide service page unless local demand, unique proof, and distinct service content justify an explicit town-service page. Do not stuff town lists into copy."
website design company in Taleigao,Taleigao,north_goa,web_design,local_transactional,/locations/taleigao/,conditional_local_page,P3_validate,strategic_expansion_validate,,,,candidate_needs_local_volume_and_gsc_validation,"Do not publish a thin location page. Require unique local proof, relevant work, service details, FAQs, and internal links."
web design company in Taleigao,Taleigao,north_goa,web_design,local_transactional,/locations/taleigao/,conditional_local_page,P3_validate,strategic_expansion_validate,,,,candidate_needs_local_volume_and_gsc_validation,"Do not publish a thin location page. Require unique local proof, relevant work, service details, FAQs, and internal links."
website designer in Taleigao,Taleigao,north_goa,web_design,local_transactional,/locations/taleigao/,conditional_local_page,P3_validate,strategic_expansion_validate,,,,candidate_needs_local_volume_and_gsc_validation,"Do not publish a thin location page. Require unique local proof, relevant work, service details, FAQs, and internal links."
web designer in Taleigao,Taleigao,north_goa,web_design,local_transactional,/locations/taleigao/,conditional_local_page,P3_validate,strategic_expansion_validate,,,,candidate_needs_local_volume_and_gsc_validation,"Do not publish a thin location page. Require unique local proof, relevant work, service details, FAQs, and internal links."
website development company in Taleigao,Taleigao,north_goa,web_development,local_transactional,/website-development-goa/,statewide_service_page_pending_local_validation,P3_validate,strategic_expansion_validate,,,,candidate_needs_local_volume_and_gsc_validation,"Keep this candidate on the statewide service page unless local demand, unique proof, and distinct service content justify an explicit town-service page. Do not stuff town lists into copy."
web developer in Taleigao,Taleigao,north_goa,web_development,local_transactional,/website-development-goa/,statewide_service_page_pending_local_validation,P3_validate,strategic_expansion_validate,,,,candidate_needs_local_volume_and_gsc_validation,"Keep this candidate on the statewide service page unless local demand, unique proof, and distinct service content justify an explicit town-service page. Do not stuff town lists into copy."
local seo company in Taleigao,Taleigao,north_goa,local_seo,local_transactional,/local-seo-goa/,statewide_service_page_pending_local_validation,P3_validate,strategic_expansion_validate,,,,candidate_needs_local_volume_and_gsc_validation,"Keep this candidate on the statewide service page unless local demand, unique proof, and distinct service content justify an explicit town-service page. Do not stuff town lists into copy."
local seo services in Taleigao,Taleigao,north_goa,local_seo,local_transactional,/local-seo-goa/,statewide_service_page_pending_local_validation,P3_validate,strategic_expansion_validate,,,,candidate_needs_local_volume_and_gsc_validation,"Keep this candidate on the statewide service page unless local demand, unique proof, and distinct service content justify an explicit town-service page. Do not stuff town lists into copy."
website design company in Miramar,Miramar,north_goa,web_design,local_transactional,/locations/miramar/,conditional_local_page,P3_validate,strategic_expansion_validate,,,,candidate_needs_local_volume_and_gsc_validation,"Do not publish a thin location page. Require unique local proof, relevant work, service details, FAQs, and internal links."
web design company in Miramar,Miramar,north_goa,web_design,local_transactional,/locations/miramar/,conditional_local_page,P3_validate,strategic_expansion_validate,,,,candidate_needs_local_volume_and_gsc_validation,"Do not publish a thin location page. Require unique local proof, relevant work, service details, FAQs, and internal links."
website designer in Miramar,Miramar,north_goa,web_design,local_transactional,/locations/miramar/,conditional_local_page,P3_validate,strategic_expansion_validate,,,,candidate_needs_local_volume_and_gsc_validation,"Do not publish a thin location page. Require unique local proof, relevant work, service details, FAQs, and internal links."
web designer in Miramar,Miramar,north_goa,web_design,local_transactional,/locations/miramar/,conditional_local_page,P3_validate,strategic_expansion_validate,,,,candidate_needs_local_volume_and_gsc_validation,"Do not publish a thin location page. Require unique local proof, relevant work, service details, FAQs, and internal links."
website development company in Miramar,Miramar,north_goa,web_development,local_transactional,/website-development-goa/,statewide_service_page_pending_local_validation,P3_validate,strategic_expansion_validate,,,,candidate_needs_local_volume_and_gsc_validation,"Keep this candidate on the statewide service page unless local demand, unique proof, and distinct service content justify an explicit town-service page. Do not stuff town lists into copy."
web developer in Miramar,Miramar,north_goa,web_development,local_transactional,/website-development-goa/,statewide_service_page_pending_local_validation,P3_validate,strategic_expansion_validate,,,,candidate_needs_local_volume_and_gsc_validation,"Keep this candidate on the statewide service page unless local demand, unique proof, and distinct service content justify an explicit town-service page. Do not stuff town lists into copy."
local seo company in Miramar,Miramar,north_goa,local_seo,local_transactional,/local-seo-goa/,statewide_service_page_pending_local_validation,P3_validate,strategic_expansion_validate,,,,candidate_needs_local_volume_and_gsc_validation,"Keep this candidate on the statewide service page unless local demand, unique proof, and distinct service content justify an explicit town-service page. Do not stuff town lists into copy."
local seo services in Miramar,Miramar,north_goa,local_seo,local_transactional,/local-seo-goa/,statewide_service_page_pending_local_validation,P3_validate,strategic_expansion_validate,,,,candidate_needs_local_volume_and_gsc_validation,"Keep this candidate on the statewide service page unless local demand, unique proof, and distinct service content justify an explicit town-service page. Do not stuff town lists into copy."
website design company in Old Goa,Old Goa,north_goa,web_design,local_transactional,/locations/old-goa/,conditional_local_page,P3_validate,strategic_expansion_validate,,,,candidate_needs_local_volume_and_gsc_validation,"Do not publish a thin location page. Require unique local proof, relevant work, service details, FAQs, and internal links."
web design company in Old Goa,Old Goa,north_goa,web_design,local_transactional,/locations/old-goa/,conditional_local_page,P3_validate,strategic_expansion_validate,,,,candidate_needs_local_volume_and_gsc_validation,"Do not publish a thin location page. Require unique local proof, relevant work, service details, FAQs, and internal links."
website designer in Old Goa,Old Goa,north_goa,web_design,local_transactional,/locations/old-goa/,conditional_local_page,P3_validate,strategic_expansion_validate,,,,candidate_needs_local_volume_and_gsc_validation,"Do not publish a thin location page. Require unique local proof, relevant work, service details, FAQs, and internal links."
web designer in Old Goa,Old Goa,north_goa,web_design,local_transactional,/locations/old-goa/,conditional_local_page,P3_validate,strategic_expansion_validate,,,,candidate_needs_local_volume_and_gsc_validation,"Do not publish a thin location page. Require unique local proof, relevant work, service details, FAQs, and internal links."
website development company in Old Goa,Old Goa,north_goa,web_development,local_transactional,/website-development-goa/,statewide_service_page_pending_local_validation,P3_validate,strategic_expansion_validate,,,,candidate_needs_local_volume_and_gsc_validation,"Keep this candidate on the statewide service page unless local demand, unique proof, and distinct service content justify an explicit town-service page. Do not stuff town lists into copy."
web developer in Old Goa,Old Goa,north_goa,web_development,local_transactional,/website-development-goa/,statewide_service_page_pending_local_validation,P3_validate,strategic_expansion_validate,,,,candidate_needs_local_volume_and_gsc_validation,"Keep this candidate on the statewide service page unless local demand, unique proof, and distinct service content justify an explicit town-service page. Do not stuff town lists into copy."
local seo company in Old Goa,Old Goa,north_goa,local_seo,local_transactional,/local-seo-goa/,statewide_service_page_pending_local_validation,P3_validate,strategic_expansion_validate,,,,candidate_needs_local_volume_and_gsc_validation,"Keep this candidate on the statewide service page unless local demand, unique proof, and distinct service content justify an explicit town-service page. Do not stuff town lists into copy."
local seo services in Old Goa,Old Goa,north_goa,local_seo,local_transactional,/local-seo-goa/,statewide_service_page_pending_local_validation,P3_validate,strategic_expansion_validate,,,,candidate_needs_local_volume_and_gsc_validation,"Keep this candidate on the statewide service page unless local demand, unique proof, and distinct service content justify an explicit town-service page. Do not stuff town lists into copy."
website design company in Ponda,Ponda,central_goa,web_design,local_transactional,/locations/ponda/,conditional_local_page,P3_validate,strategic_expansion_validate,,,,candidate_needs_local_volume_and_gsc_validation,"Do not publish a thin location page. Require unique local proof, relevant work, service details, FAQs, and internal links."
web design company in Ponda,Ponda,central_goa,web_design,local_transactional,/locations/ponda/,conditional_local_page,P3_validate,strategic_expansion_validate,,,,candidate_needs_local_volume_and_gsc_validation,"Do not publish a thin location page. Require unique local proof, relevant work, service details, FAQs, and internal links."
website designer in Ponda,Ponda,central_goa,web_design,local_transactional,/locations/ponda/,conditional_local_page,P3_validate,strategic_expansion_validate,,,,candidate_needs_local_volume_and_gsc_validation,"Do not publish a thin location page. Require unique local proof, relevant work, service details, FAQs, and internal links."
web designer in Ponda,Ponda,central_goa,web_design,local_transactional,/locations/ponda/,conditional_local_page,P3_validate,strategic_expansion_validate,,,,candidate_needs_local_volume_and_gsc_validation,"Do not publish a thin location page. Require unique local proof, relevant work, service details, FAQs, and internal links."
website development company in Ponda,Ponda,central_goa,web_development,local_transactional,/website-development-goa/,statewide_service_page_pending_local_validation,P3_validate,strategic_expansion_validate,,,,candidate_needs_local_volume_and_gsc_validation,"Keep this candidate on the statewide service page unless local demand, unique proof, and distinct service content justify an explicit town-service page. Do not stuff town lists into copy."
web developer in Ponda,Ponda,central_goa,web_development,local_transactional,/website-development-goa/,statewide_service_page_pending_local_validation,P3_validate,strategic_expansion_validate,,,,candidate_needs_local_volume_and_gsc_validation,"Keep this candidate on the statewide service page unless local demand, unique proof, and distinct service content justify an explicit town-service page. Do not stuff town lists into copy."
local seo company in Ponda,Ponda,central_goa,local_seo,local_transactional,/local-seo-goa/,statewide_service_page_pending_local_validation,P3_validate,strategic_expansion_validate,,,,candidate_needs_local_volume_and_gsc_validation,"Keep this candidate on the statewide service page unless local demand, unique proof, and distinct service content justify an explicit town-service page. Do not stuff town lists into copy."
local seo services in Ponda,Ponda,central_goa,local_seo,local_transactional,/local-seo-goa/,statewide_service_page_pending_local_validation,P3_validate,strategic_expansion_validate,,,,candidate_needs_local_volume_and_gsc_validation,"Keep this candidate on the statewide service page unless local demand, unique proof, and distinct service content justify an explicit town-service page. Do not stuff town lists into copy."
website design company in Vasco da Gama,Vasco da Gama,south_goa,web_design,local_transactional,/locations/vasco-da-gama/,conditional_local_page,P2,strategic_expansion_validate,,,,candidate_needs_local_volume_and_gsc_validation,"Do not publish a thin location page. Require unique local proof, relevant work, service details, FAQs, and internal links."
web design company in Vasco da Gama,Vasco da Gama,south_goa,web_design,local_transactional,/locations/vasco-da-gama/,conditional_local_page,P2,strategic_expansion_validate,,,,candidate_needs_local_volume_and_gsc_validation,"Do not publish a thin location page. Require unique local proof, relevant work, service details, FAQs, and internal links."
website designer in Vasco da Gama,Vasco da Gama,south_goa,web_design,local_transactional,/locations/vasco-da-gama/,conditional_local_page,P2,strategic_expansion_validate,,,,candidate_needs_local_volume_and_gsc_validation,"Do not publish a thin location page. Require unique local proof, relevant work, service details, FAQs, and internal links."
web designer in Vasco da Gama,Vasco da Gama,south_goa,web_design,local_transactional,/locations/vasco-da-gama/,conditional_local_page,P2,strategic_expansion_validate,,,,candidate_needs_local_volume_and_gsc_validation,"Do not publish a thin location page. Require unique local proof, relevant work, service details, FAQs, and internal links."
website development company in Vasco da Gama,Vasco da Gama,south_goa,web_development,local_transactional,/website-development-goa/,statewide_service_page_pending_local_validation,P3_validate,strategic_expansion_validate,,,,candidate_needs_local_volume_and_gsc_validation,"Keep this candidate on the statewide service page unless local demand, unique proof, and distinct service content justify an explicit town-service page. Do not stuff town lists into copy."
web developer in Vasco da Gama,Vasco da Gama,south_goa,web_development,local_transactional,/website-development-goa/,statewide_service_page_pending_local_validation,P3_validate,strategic_expansion_validate,,,,candidate_needs_local_volume_and_gsc_validation,"Keep this candidate on the statewide service page unless local demand, unique proof, and distinct service content justify an explicit town-service page. Do not stuff town lists into copy."
local seo company in Vasco da Gama,Vasco da Gama,south_goa,local_seo,local_transactional,/local-seo-goa/,statewide_service_page_pending_local_validation,P3_validate,strategic_expansion_validate,,,,candidate_needs_local_volume_and_gsc_validation,"Keep this candidate on the statewide service page unless local demand, unique proof, and distinct service content justify an explicit town-service page. Do not stuff town lists into copy."
local seo services in Vasco da Gama,Vasco da Gama,south_goa,local_seo,local_transactional,/local-seo-goa/,statewide_service_page_pending_local_validation,P3_validate,strategic_expansion_validate,,,,candidate_needs_local_volume_and_gsc_validation,"Keep this candidate on the statewide service page unless local demand, unique proof, and distinct service content justify an explicit town-service page. Do not stuff town lists into copy."
website design company in Vasco,Vasco,south_goa,web_design,local_transactional,/locations/vasco-da-gama/,alias_to_vasco_da_gama_page,P2,strategic_expansion_validate,,,,candidate_needs_local_volume_and_gsc_validation,"Do not publish a thin location page. Require unique local proof, relevant work, service details, FAQs, and internal links."
web design company in Vasco,Vasco,south_goa,web_design,local_transactional,/locations/vasco-da-gama/,alias_to_vasco_da_gama_page,P2,strategic_expansion_validate,,,,candidate_needs_local_volume_and_gsc_validation,"Do not publish a thin location page. Require unique local proof, relevant work, service details, FAQs, and internal links."
website designer in Vasco,Vasco,south_goa,web_design,local_transactional,/locations/vasco-da-gama/,alias_to_vasco_da_gama_page,P2,strategic_expansion_validate,,,,candidate_needs_local_volume_and_gsc_validation,"Do not publish a thin location page. Require unique local proof, relevant work, service details, FAQs, and internal links."
web designer in Vasco,Vasco,south_goa,web_design,local_transactional,/locations/vasco-da-gama/,alias_to_vasco_da_gama_page,P2,strategic_expansion_validate,,,,candidate_needs_local_volume_and_gsc_validation,"Do not publish a thin location page. Require unique local proof, relevant work, service details, FAQs, and internal links."
website development company in Vasco,Vasco,south_goa,web_development,local_transactional,/website-development-goa/,statewide_service_page_pending_local_validation,P3_validate,strategic_expansion_validate,,,,candidate_needs_local_volume_and_gsc_validation,"Keep this candidate on the statewide service page unless local demand, unique proof, and distinct service content justify an explicit town-service page. Do not stuff town lists into copy."
web developer in Vasco,Vasco,south_goa,web_development,local_transactional,/website-development-goa/,statewide_service_page_pending_local_validation,P3_validate,strategic_expansion_validate,,,,candidate_needs_local_volume_and_gsc_validation,"Keep this candidate on the statewide service page unless local demand, unique proof, and distinct service content justify an explicit town-service page. Do not stuff town lists into copy."
local seo company in Vasco,Vasco,south_goa,local_seo,local_transactional,/local-seo-goa/,statewide_service_page_pending_local_validation,P3_validate,strategic_expansion_validate,,,,candidate_needs_local_volume_and_gsc_validation,"Keep this candidate on the statewide service page unless local demand, unique proof, and distinct service content justify an explicit town-service page. Do not stuff town lists into copy."
local seo services in Vasco,Vasco,south_goa,local_seo,local_transactional,/local-seo-goa/,statewide_service_page_pending_local_validation,P3_validate,strategic_expansion_validate,,,,candidate_needs_local_volume_and_gsc_validation,"Keep this candidate on the statewide service page unless local demand, unique proof, and distinct service content justify an explicit town-service page. Do not stuff town lists into copy."
website design company in Mormugao,Mormugao,south_goa,web_design,local_transactional,/locations/mormugao/,conditional_local_page,P3_validate,strategic_expansion_validate,,,,candidate_needs_local_volume_and_gsc_validation,"Do not publish a thin location page. Require unique local proof, relevant work, service details, FAQs, and internal links."
web design company in Mormugao,Mormugao,south_goa,web_design,local_transactional,/locations/mormugao/,conditional_local_page,P3_validate,strategic_expansion_validate,,,,candidate_needs_local_volume_and_gsc_validation,"Do not publish a thin location page. Require unique local proof, relevant work, service details, FAQs, and internal links."
website designer in Mormugao,Mormugao,south_goa,web_design,local_transactional,/locations/mormugao/,conditional_local_page,P3_validate,strategic_expansion_validate,,,,candidate_needs_local_volume_and_gsc_validation,"Do not publish a thin location page. Require unique local proof, relevant work, service details, FAQs, and internal links."
web designer in Mormugao,Mormugao,south_goa,web_design,local_transactional,/locations/mormugao/,conditional_local_page,P3_validate,strategic_expansion_validate,,,,candidate_needs_local_volume_and_gsc_validation,"Do not publish a thin location page. Require unique local proof, relevant work, service details, FAQs, and internal links."
website development company in Mormugao,Mormugao,south_goa,web_development,local_transactional,/website-development-goa/,statewide_service_page_pending_local_validation,P3_validate,strategic_expansion_validate,,,,candidate_needs_local_volume_and_gsc_validation,"Keep this candidate on the statewide service page unless local demand, unique proof, and distinct service content justify an explicit town-service page. Do not stuff town lists into copy."
web developer in Mormugao,Mormugao,south_goa,web_development,local_transactional,/website-development-goa/,statewide_service_page_pending_local_validation,P3_validate,strategic_expansion_validate,,,,candidate_needs_local_volume_and_gsc_validation,"Keep this candidate on the statewide service page unless local demand, unique proof, and distinct service content justify an explicit town-service page. Do not stuff town lists into copy."
local seo company in Mormugao,Mormugao,south_goa,local_seo,local_transactional,/local-seo-goa/,statewide_service_page_pending_local_validation,P3_validate,strategic_expansion_validate,,,,candidate_needs_local_volume_and_gsc_validation,"Keep this candidate on the statewide service page unless local demand, unique proof, and distinct service content justify an explicit town-service page. Do not stuff town lists into copy."
local seo services in Mormugao,Mormugao,south_goa,local_seo,local_transactional,/local-seo-goa/,statewide_service_page_pending_local_validation,P3_validate,strategic_expansion_validate,,,,candidate_needs_local_volume_and_gsc_validation,"Keep this candidate on the statewide service page unless local demand, unique proof, and distinct service content justify an explicit town-service page. Do not stuff town lists into copy."
website design company in Verna,Verna,south_goa,web_design,local_transactional,/locations/verna/,conditional_local_page,P3_validate,strategic_expansion_validate,,,,candidate_needs_local_volume_and_gsc_validation,"Do not publish a thin location page. Require unique local proof, relevant work, service details, FAQs, and internal links."
web design company in Verna,Verna,south_goa,web_design,local_transactional,/locations/verna/,conditional_local_page,P3_validate,strategic_expansion_validate,,,,candidate_needs_local_volume_and_gsc_validation,"Do not publish a thin location page. Require unique local proof, relevant work, service details, FAQs, and internal links."
website designer in Verna,Verna,south_goa,web_design,local_transactional,/locations/verna/,conditional_local_page,P3_validate,strategic_expansion_validate,,,,candidate_needs_local_volume_and_gsc_validation,"Do not publish a thin location page. Require unique local proof, relevant work, service details, FAQs, and internal links."
web designer in Verna,Verna,south_goa,web_design,local_transactional,/locations/verna/,conditional_local_page,P3_validate,strategic_expansion_validate,,,,candidate_needs_local_volume_and_gsc_validation,"Do not publish a thin location page. Require unique local proof, relevant work, service details, FAQs, and internal links."
website development company in Verna,Verna,south_goa,web_development,local_transactional,/website-development-goa/,statewide_service_page_pending_local_validation,P3_validate,strategic_expansion_validate,,,,candidate_needs_local_volume_and_gsc_validation,"Keep this candidate on the statewide service page unless local demand, unique proof, and distinct service content justify an explicit town-service page. Do not stuff town lists into copy."
web developer in Verna,Verna,south_goa,web_development,local_transactional,/website-development-goa/,statewide_service_page_pending_local_validation,P3_validate,strategic_expansion_validate,,,,candidate_needs_local_volume_and_gsc_validation,"Keep this candidate on the statewide service page unless local demand, unique proof, and distinct service content justify an explicit town-service page. Do not stuff town lists into copy."
local seo company in Verna,Verna,south_goa,local_seo,local_transactional,/local-seo-goa/,statewide_service_page_pending_local_validation,P3_validate,strategic_expansion_validate,,,,candidate_needs_local_volume_and_gsc_validation,"Keep this candidate on the statewide service page unless local demand, unique proof, and distinct service content justify an explicit town-service page. Do not stuff town lists into copy."
local seo services in Verna,Verna,south_goa,local_seo,local_transactional,/local-seo-goa/,statewide_service_page_pending_local_validation,P3_validate,strategic_expansion_validate,,,,candidate_needs_local_volume_and_gsc_validation,"Keep this candidate on the statewide service page unless local demand, unique proof, and distinct service content justify an explicit town-service page. Do not stuff town lists into copy."
website design company in Margao,Margao,south_goa,web_design,local_transactional,/locations/margao/,conditional_local_page,P2,strategic_expansion_validate,,,,candidate_needs_local_volume_and_gsc_validation,"Do not publish a thin location page. Require unique local proof, relevant work, service details, FAQs, and internal links."
web design company in Margao,Margao,south_goa,web_design,local_transactional,/locations/margao/,conditional_local_page,P2,strategic_expansion_validate,,,,candidate_needs_local_volume_and_gsc_validation,"Do not publish a thin location page. Require unique local proof, relevant work, service details, FAQs, and internal links."
website designer in Margao,Margao,south_goa,web_design,local_transactional,/locations/margao/,conditional_local_page,P2,strategic_expansion_validate,,,,candidate_needs_local_volume_and_gsc_validation,"Do not publish a thin location page. Require unique local proof, relevant work, service details, FAQs, and internal links."
web designer in Margao,Margao,south_goa,web_design,local_transactional,/locations/margao/,conditional_local_page,P2,strategic_expansion_validate,,,,candidate_needs_local_volume_and_gsc_validation,"Do not publish a thin location page. Require unique local proof, relevant work, service details, FAQs, and internal links."
website development company in Margao,Margao,south_goa,web_development,local_transactional,/website-development-goa/,statewide_service_page_pending_local_validation,P3_validate,strategic_expansion_validate,,,,candidate_needs_local_volume_and_gsc_validation,"Keep this candidate on the statewide service page unless local demand, unique proof, and distinct service content justify an explicit town-service page. Do not stuff town lists into copy."
web developer in Margao,Margao,south_goa,web_development,local_transactional,/website-development-goa/,statewide_service_page_pending_local_validation,P3_validate,strategic_expansion_validate,,,,candidate_needs_local_volume_and_gsc_validation,"Keep this candidate on the statewide service page unless local demand, unique proof, and distinct service content justify an explicit town-service page. Do not stuff town lists into copy."
local seo company in Margao,Margao,south_goa,local_seo,local_transactional,/local-seo-goa/,statewide_service_page_pending_local_validation,P3_validate,strategic_expansion_validate,,,,candidate_needs_local_volume_and_gsc_validation,"Keep this candidate on the statewide service page unless local demand, unique proof, and distinct service content justify an explicit town-service page. Do not stuff town lists into copy."
local seo services in Margao,Margao,south_goa,local_seo,local_transactional,/local-seo-goa/,statewide_service_page_pending_local_validation,P3_validate,strategic_expansion_validate,,,,candidate_needs_local_volume_and_gsc_validation,"Keep this candidate on the statewide service page unless local demand, unique proof, and distinct service content justify an explicit town-service page. Do not stuff town lists into copy."
website design company in Madgaon,Madgaon,south_goa,web_design,local_transactional,/locations/margao/,alias_to_margao_page,P2,strategic_expansion_validate,,,,candidate_needs_local_volume_and_gsc_validation,"Do not publish a thin location page. Require unique local proof, relevant work, service details, FAQs, and internal links."
web design company in Madgaon,Madgaon,south_goa,web_design,local_transactional,/locations/margao/,alias_to_margao_page,P2,strategic_expansion_validate,,,,candidate_needs_local_volume_and_gsc_validation,"Do not publish a thin location page. Require unique local proof, relevant work, service details, FAQs, and internal links."
website designer in Madgaon,Madgaon,south_goa,web_design,local_transactional,/locations/margao/,alias_to_margao_page,P2,strategic_expansion_validate,,,,candidate_needs_local_volume_and_gsc_validation,"Do not publish a thin location page. Require unique local proof, relevant work, service details, FAQs, and internal links."
web designer in Madgaon,Madgaon,south_goa,web_design,local_transactional,/locations/margao/,alias_to_margao_page,P2,strategic_expansion_validate,,,,candidate_needs_local_volume_and_gsc_validation,"Do not publish a thin location page. Require unique local proof, relevant work, service details, FAQs, and internal links."
website development company in Madgaon,Madgaon,south_goa,web_development,local_transactional,/website-development-goa/,statewide_service_page_pending_local_validation,P3_validate,strategic_expansion_validate,,,,candidate_needs_local_volume_and_gsc_validation,"Keep this candidate on the statewide service page unless local demand, unique proof, and distinct service content justify an explicit town-service page. Do not stuff town lists into copy."
web developer in Madgaon,Madgaon,south_goa,web_development,local_transactional,/website-development-goa/,statewide_service_page_pending_local_validation,P3_validate,strategic_expansion_validate,,,,candidate_needs_local_volume_and_gsc_validation,"Keep this candidate on the statewide service page unless local demand, unique proof, and distinct service content justify an explicit town-service page. Do not stuff town lists into copy."
local seo company in Madgaon,Madgaon,south_goa,local_seo,local_transactional,/local-seo-goa/,statewide_service_page_pending_local_validation,P3_validate,strategic_expansion_validate,,,,candidate_needs_local_volume_and_gsc_validation,"Keep this candidate on the statewide service page unless local demand, unique proof, and distinct service content justify an explicit town-service page. Do not stuff town lists into copy."
local seo services in Madgaon,Madgaon,south_goa,local_seo,local_transactional,/local-seo-goa/,statewide_service_page_pending_local_validation,P3_validate,strategic_expansion_validate,,,,candidate_needs_local_volume_and_gsc_validation,"Keep this candidate on the statewide service page unless local demand, unique proof, and distinct service content justify an explicit town-service page. Do not stuff town lists into copy."
website design company in Navelim,Navelim,south_goa,web_design,local_transactional,/locations/navelim/,conditional_local_page,P3_validate,strategic_expansion_validate,,,,candidate_needs_local_volume_and_gsc_validation,"Do not publish a thin location page. Require unique local proof, relevant work, service details, FAQs, and internal links."
web design company in Navelim,Navelim,south_goa,web_design,local_transactional,/locations/navelim/,conditional_local_page,P3_validate,strategic_expansion_validate,,,,candidate_needs_local_volume_and_gsc_validation,"Do not publish a thin location page. Require unique local proof, relevant work, service details, FAQs, and internal links."
website designer in Navelim,Navelim,south_goa,web_design,local_transactional,/locations/navelim/,conditional_local_page,P3_validate,strategic_expansion_validate,,,,candidate_needs_local_volume_and_gsc_validation,"Do not publish a thin location page. Require unique local proof, relevant work, service details, FAQs, and internal links."
web designer in Navelim,Navelim,south_goa,web_design,local_transactional,/locations/navelim/,conditional_local_page,P3_validate,strategic_expansion_validate,,,,candidate_needs_local_volume_and_gsc_validation,"Do not publish a thin location page. Require unique local proof, relevant work, service details, FAQs, and internal links."
website development company in Navelim,Navelim,south_goa,web_development,local_transactional,/website-development-goa/,statewide_service_page_pending_local_validation,P3_validate,strategic_expansion_validate,,,,candidate_needs_local_volume_and_gsc_validation,"Keep this candidate on the statewide service page unless local demand, unique proof, and distinct service content justify an explicit town-service page. Do not stuff town lists into copy."
web developer in Navelim,Navelim,south_goa,web_development,local_transactional,/website-development-goa/,statewide_service_page_pending_local_validation,P3_validate,strategic_expansion_validate,,,,candidate_needs_local_volume_and_gsc_validation,"Keep this candidate on the statewide service page unless local demand, unique proof, and distinct service content justify an explicit town-service page. Do not stuff town lists into copy."
local seo company in Navelim,Navelim,south_goa,local_seo,local_transactional,/local-seo-goa/,statewide_service_page_pending_local_validation,P3_validate,strategic_expansion_validate,,,,candidate_needs_local_volume_and_gsc_validation,"Keep this candidate on the statewide service page unless local demand, unique proof, and distinct service content justify an explicit town-service page. Do not stuff town lists into copy."
local seo services in Navelim,Navelim,south_goa,local_seo,local_transactional,/local-seo-goa/,statewide_service_page_pending_local_validation,P3_validate,strategic_expansion_validate,,,,candidate_needs_local_volume_and_gsc_validation,"Keep this candidate on the statewide service page unless local demand, unique proof, and distinct service content justify an explicit town-service page. Do not stuff town lists into copy."
website design company in Salcete,Salcete,south_goa,web_design,local_transactional,/locations/salcete/,conditional_local_page,P3_validate,strategic_expansion_validate,,,,candidate_needs_local_volume_and_gsc_validation,"Do not publish a thin location page. Require unique local proof, relevant work, service details, FAQs, and internal links."
web design company in Salcete,Salcete,south_goa,web_design,local_transactional,/locations/salcete/,conditional_local_page,P3_validate,strategic_expansion_validate,,,,candidate_needs_local_volume_and_gsc_validation,"Do not publish a thin location page. Require unique local proof, relevant work, service details, FAQs, and internal links."
website designer in Salcete,Salcete,south_goa,web_design,local_transactional,/locations/salcete/,conditional_local_page,P3_validate,strategic_expansion_validate,,,,candidate_needs_local_volume_and_gsc_validation,"Do not publish a thin location page. Require unique local proof, relevant work, service details, FAQs, and internal links."
web designer in Salcete,Salcete,south_goa,web_design,local_transactional,/locations/salcete/,conditional_local_page,P3_validate,strategic_expansion_validate,,,,candidate_needs_local_volume_and_gsc_validation,"Do not publish a thin location page. Require unique local proof, relevant work, service details, FAQs, and internal links."
website development company in Salcete,Salcete,south_goa,web_development,local_transactional,/website-development-goa/,statewide_service_page_pending_local_validation,P3_validate,strategic_expansion_validate,,,,candidate_needs_local_volume_and_gsc_validation,"Keep this candidate on the statewide service page unless local demand, unique proof, and distinct service content justify an explicit town-service page. Do not stuff town lists into copy."
web developer in Salcete,Salcete,south_goa,web_development,local_transactional,/website-development-goa/,statewide_service_page_pending_local_validation,P3_validate,strategic_expansion_validate,,,,candidate_needs_local_volume_and_gsc_validation,"Keep this candidate on the statewide service page unless local demand, unique proof, and distinct service content justify an explicit town-service page. Do not stuff town lists into copy."
local seo company in Salcete,Salcete,south_goa,local_seo,local_transactional,/local-seo-goa/,statewide_service_page_pending_local_validation,P3_validate,strategic_expansion_validate,,,,candidate_needs_local_volume_and_gsc_validation,"Keep this candidate on the statewide service page unless local demand, unique proof, and distinct service content justify an explicit town-service page. Do not stuff town lists into copy."
local seo services in Salcete,Salcete,south_goa,local_seo,local_transactional,/local-seo-goa/,statewide_service_page_pending_local_validation,P3_validate,strategic_expansion_validate,,,,candidate_needs_local_volume_and_gsc_validation,"Keep this candidate on the statewide service page unless local demand, unique proof, and distinct service content justify an explicit town-service page. Do not stuff town lists into copy."
website design company in Colva,Colva,south_goa,web_design,local_transactional,/locations/colva/,conditional_local_page,P3_validate,strategic_expansion_validate,,,,candidate_needs_local_volume_and_gsc_validation,"Do not publish a thin location page. Require unique local proof, relevant work, service details, FAQs, and internal links."
web design company in Colva,Colva,south_goa,web_design,local_transactional,/locations/colva/,conditional_local_page,P3_validate,strategic_expansion_validate,,,,candidate_needs_local_volume_and_gsc_validation,"Do not publish a thin location page. Require unique local proof, relevant work, service details, FAQs, and internal links."
website designer in Colva,Colva,south_goa,web_design,local_transactional,/locations/colva/,conditional_local_page,P3_validate,strategic_expansion_validate,,,,candidate_needs_local_volume_and_gsc_validation,"Do not publish a thin location page. Require unique local proof, relevant work, service details, FAQs, and internal links."
web designer in Colva,Colva,south_goa,web_design,local_transactional,/locations/colva/,conditional_local_page,P3_validate,strategic_expansion_validate,,,,candidate_needs_local_volume_and_gsc_validation,"Do not publish a thin location page. Require unique local proof, relevant work, service details, FAQs, and internal links."
website development company in Colva,Colva,south_goa,web_development,local_transactional,/website-development-goa/,statewide_service_page_pending_local_validation,P3_validate,strategic_expansion_validate,,,,candidate_needs_local_volume_and_gsc_validation,"Keep this candidate on the statewide service page unless local demand, unique proof, and distinct service content justify an explicit town-service page. Do not stuff town lists into copy."
web developer in Colva,Colva,south_goa,web_development,local_transactional,/website-development-goa/,statewide_service_page_pending_local_validation,P3_validate,strategic_expansion_validate,,,,candidate_needs_local_volume_and_gsc_validation,"Keep this candidate on the statewide service page unless local demand, unique proof, and distinct service content justify an explicit town-service page. Do not stuff town lists into copy."
local seo company in Colva,Colva,south_goa,local_seo,local_transactional,/local-seo-goa/,statewide_service_page_pending_local_validation,P3_validate,strategic_expansion_validate,,,,candidate_needs_local_volume_and_gsc_validation,"Keep this candidate on the statewide service page unless local demand, unique proof, and distinct service content justify an explicit town-service page. Do not stuff town lists into copy."
local seo services in Colva,Colva,south_goa,local_seo,local_transactional,/local-seo-goa/,statewide_service_page_pending_local_validation,P3_validate,strategic_expansion_validate,,,,candidate_needs_local_volume_and_gsc_validation,"Keep this candidate on the statewide service page unless local demand, unique proof, and distinct service content justify an explicit town-service page. Do not stuff town lists into copy."
website design company in Benaulim,Benaulim,south_goa,web_design,local_transactional,/locations/benaulim/,conditional_local_page,P3_validate,strategic_expansion_validate,,,,candidate_needs_local_volume_and_gsc_validation,"Do not publish a thin location page. Require unique local proof, relevant work, service details, FAQs, and internal links."
web design company in Benaulim,Benaulim,south_goa,web_design,local_transactional,/locations/benaulim/,conditional_local_page,P3_validate,strategic_expansion_validate,,,,candidate_needs_local_volume_and_gsc_validation,"Do not publish a thin location page. Require unique local proof, relevant work, service details, FAQs, and internal links."
website designer in Benaulim,Benaulim,south_goa,web_design,local_transactional,/locations/benaulim/,conditional_local_page,P3_validate,strategic_expansion_validate,,,,candidate_needs_local_volume_and_gsc_validation,"Do not publish a thin location page. Require unique local proof, relevant work, service details, FAQs, and internal links."
web designer in Benaulim,Benaulim,south_goa,web_design,local_transactional,/locations/benaulim/,conditional_local_page,P3_validate,strategic_expansion_validate,,,,candidate_needs_local_volume_and_gsc_validation,"Do not publish a thin location page. Require unique local proof, relevant work, service details, FAQs, and internal links."
website development company in Benaulim,Benaulim,south_goa,web_development,local_transactional,/website-development-goa/,statewide_service_page_pending_local_validation,P3_validate,strategic_expansion_validate,,,,candidate_needs_local_volume_and_gsc_validation,"Keep this candidate on the statewide service page unless local demand, unique proof, and distinct service content justify an explicit town-service page. Do not stuff town lists into copy."
web developer in Benaulim,Benaulim,south_goa,web_development,local_transactional,/website-development-goa/,statewide_service_page_pending_local_validation,P3_validate,strategic_expansion_validate,,,,candidate_needs_local_volume_and_gsc_validation,"Keep this candidate on the statewide service page unless local demand, unique proof, and distinct service content justify an explicit town-service page. Do not stuff town lists into copy."
local seo company in Benaulim,Benaulim,south_goa,local_seo,local_transactional,/local-seo-goa/,statewide_service_page_pending_local_validation,P3_validate,strategic_expansion_validate,,,,candidate_needs_local_volume_and_gsc_validation,"Keep this candidate on the statewide service page unless local demand, unique proof, and distinct service content justify an explicit town-service page. Do not stuff town lists into copy."
local seo services in Benaulim,Benaulim,south_goa,local_seo,local_transactional,/local-seo-goa/,statewide_service_page_pending_local_validation,P3_validate,strategic_expansion_validate,,,,candidate_needs_local_volume_and_gsc_validation,"Keep this candidate on the statewide service page unless local demand, unique proof, and distinct service content justify an explicit town-service page. Do not stuff town lists into copy."
website design company in Varca,Varca,south_goa,web_design,local_transactional,/locations/varca/,conditional_local_page,P3_validate,strategic_expansion_validate,,,,candidate_needs_local_volume_and_gsc_validation,"Do not publish a thin location page. Require unique local proof, relevant work, service details, FAQs, and internal links."
web design company in Varca,Varca,south_goa,web_design,local_transactional,/locations/varca/,conditional_local_page,P3_validate,strategic_expansion_validate,,,,candidate_needs_local_volume_and_gsc_validation,"Do not publish a thin location page. Require unique local proof, relevant work, service details, FAQs, and internal links."
website designer in Varca,Varca,south_goa,web_design,local_transactional,/locations/varca/,conditional_local_page,P3_validate,strategic_expansion_validate,,,,candidate_needs_local_volume_and_gsc_validation,"Do not publish a thin location page. Require unique local proof, relevant work, service details, FAQs, and internal links."
web designer in Varca,Varca,south_goa,web_design,local_transactional,/locations/varca/,conditional_local_page,P3_validate,strategic_expansion_validate,,,,candidate_needs_local_volume_and_gsc_validation,"Do not publish a thin location page. Require unique local proof, relevant work, service details, FAQs, and internal links."
website development company in Varca,Varca,south_goa,web_development,local_transactional,/website-development-goa/,statewide_service_page_pending_local_validation,P3_validate,strategic_expansion_validate,,,,candidate_needs_local_volume_and_gsc_validation,"Keep this candidate on the statewide service page unless local demand, unique proof, and distinct service content justify an explicit town-service page. Do not stuff town lists into copy."
web developer in Varca,Varca,south_goa,web_development,local_transactional,/website-development-goa/,statewide_service_page_pending_local_validation,P3_validate,strategic_expansion_validate,,,,candidate_needs_local_volume_and_gsc_validation,"Keep this candidate on the statewide service page unless local demand, unique proof, and distinct service content justify an explicit town-service page. Do not stuff town lists into copy."
local seo company in Varca,Varca,south_goa,local_seo,local_transactional,/local-seo-goa/,statewide_service_page_pending_local_validation,P3_validate,strategic_expansion_validate,,,,candidate_needs_local_volume_and_gsc_validation,"Keep this candidate on the statewide service page unless local demand, unique proof, and distinct service content justify an explicit town-service page. Do not stuff town lists into copy."
local seo services in Varca,Varca,south_goa,local_seo,local_transactional,/local-seo-goa/,statewide_service_page_pending_local_validation,P3_validate,strategic_expansion_validate,,,,candidate_needs_local_volume_and_gsc_validation,"Keep this candidate on the statewide service page unless local demand, unique proof, and distinct service content justify an explicit town-service page. Do not stuff town lists into copy."
website design company in Cavelossim,Cavelossim,south_goa,web_design,local_transactional,/locations/cavelossim/,conditional_local_page,P3_validate,strategic_expansion_validate,,,,candidate_needs_local_volume_and_gsc_validation,"Do not publish a thin location page. Require unique local proof, relevant work, service details, FAQs, and internal links."
web design company in Cavelossim,Cavelossim,south_goa,web_design,local_transactional,/locations/cavelossim/,conditional_local_page,P3_validate,strategic_expansion_validate,,,,candidate_needs_local_volume_and_gsc_validation,"Do not publish a thin location page. Require unique local proof, relevant work, service details, FAQs, and internal links."
website designer in Cavelossim,Cavelossim,south_goa,web_design,local_transactional,/locations/cavelossim/,conditional_local_page,P3_validate,strategic_expansion_validate,,,,candidate_needs_local_volume_and_gsc_validation,"Do not publish a thin location page. Require unique local proof, relevant work, service details, FAQs, and internal links."
web designer in Cavelossim,Cavelossim,south_goa,web_design,local_transactional,/locations/cavelossim/,conditional_local_page,P3_validate,strategic_expansion_validate,,,,candidate_needs_local_volume_and_gsc_validation,"Do not publish a thin location page. Require unique local proof, relevant work, service details, FAQs, and internal links."
website development company in Cavelossim,Cavelossim,south_goa,web_development,local_transactional,/website-development-goa/,statewide_service_page_pending_local_validation,P3_validate,strategic_expansion_validate,,,,candidate_needs_local_volume_and_gsc_validation,"Keep this candidate on the statewide service page unless local demand, unique proof, and distinct service content justify an explicit town-service page. Do not stuff town lists into copy."
web developer in Cavelossim,Cavelossim,south_goa,web_development,local_transactional,/website-development-goa/,statewide_service_page_pending_local_validation,P3_validate,strategic_expansion_validate,,,,candidate_needs_local_volume_and_gsc_validation,"Keep this candidate on the statewide service page unless local demand, unique proof, and distinct service content justify an explicit town-service page. Do not stuff town lists into copy."
local seo company in Cavelossim,Cavelossim,south_goa,local_seo,local_transactional,/local-seo-goa/,statewide_service_page_pending_local_validation,P3_validate,strategic_expansion_validate,,,,candidate_needs_local_volume_and_gsc_validation,"Keep this candidate on the statewide service page unless local demand, unique proof, and distinct service content justify an explicit town-service page. Do not stuff town lists into copy."
local seo services in Cavelossim,Cavelossim,south_goa,local_seo,local_transactional,/local-seo-goa/,statewide_service_page_pending_local_validation,P3_validate,strategic_expansion_validate,,,,candidate_needs_local_volume_and_gsc_validation,"Keep this candidate on the statewide service page unless local demand, unique proof, and distinct service content justify an explicit town-service page. Do not stuff town lists into copy."
website design company in Canacona,Canacona,south_goa,web_design,local_transactional,/locations/canacona/,conditional_local_page,P3_validate,strategic_expansion_validate,,,,candidate_needs_local_volume_and_gsc_validation,"Do not publish a thin location page. Require unique local proof, relevant work, service details, FAQs, and internal links."
web design company in Canacona,Canacona,south_goa,web_design,local_transactional,/locations/canacona/,conditional_local_page,P3_validate,strategic_expansion_validate,,,,candidate_needs_local_volume_and_gsc_validation,"Do not publish a thin location page. Require unique local proof, relevant work, service details, FAQs, and internal links."
website designer in Canacona,Canacona,south_goa,web_design,local_transactional,/locations/canacona/,conditional_local_page,P3_validate,strategic_expansion_validate,,,,candidate_needs_local_volume_and_gsc_validation,"Do not publish a thin location page. Require unique local proof, relevant work, service details, FAQs, and internal links."
web designer in Canacona,Canacona,south_goa,web_design,local_transactional,/locations/canacona/,conditional_local_page,P3_validate,strategic_expansion_validate,,,,candidate_needs_local_volume_and_gsc_validation,"Do not publish a thin location page. Require unique local proof, relevant work, service details, FAQs, and internal links."
website development company in Canacona,Canacona,south_goa,web_development,local_transactional,/website-development-goa/,statewide_service_page_pending_local_validation,P3_validate,strategic_expansion_validate,,,,candidate_needs_local_volume_and_gsc_validation,"Keep this candidate on the statewide service page unless local demand, unique proof, and distinct service content justify an explicit town-service page. Do not stuff town lists into copy."
web developer in Canacona,Canacona,south_goa,web_development,local_transactional,/website-development-goa/,statewide_service_page_pending_local_validation,P3_validate,strategic_expansion_validate,,,,candidate_needs_local_volume_and_gsc_validation,"Keep this candidate on the statewide service page unless local demand, unique proof, and distinct service content justify an explicit town-service page. Do not stuff town lists into copy."
local seo company in Canacona,Canacona,south_goa,local_seo,local_transactional,/local-seo-goa/,statewide_service_page_pending_local_validation,P3_validate,strategic_expansion_validate,,,,candidate_needs_local_volume_and_gsc_validation,"Keep this candidate on the statewide service page unless local demand, unique proof, and distinct service content justify an explicit town-service page. Do not stuff town lists into copy."
local seo services in Canacona,Canacona,south_goa,local_seo,local_transactional,/local-seo-goa/,statewide_service_page_pending_local_validation,P3_validate,strategic_expansion_validate,,,,candidate_needs_local_volume_and_gsc_validation,"Keep this candidate on the statewide service page unless local demand, unique proof, and distinct service content justify an explicit town-service page. Do not stuff town lists into copy."
website design company in Palolem,Palolem,south_goa,web_design,local_transactional,/locations/palolem/,conditional_local_page,P3_validate,strategic_expansion_validate,,,,candidate_needs_local_volume_and_gsc_validation,"Do not publish a thin location page. Require unique local proof, relevant work, service details, FAQs, and internal links."
web design company in Palolem,Palolem,south_goa,web_design,local_transactional,/locations/palolem/,conditional_local_page,P3_validate,strategic_expansion_validate,,,,candidate_needs_local_volume_and_gsc_validation,"Do not publish a thin location page. Require unique local proof, relevant work, service details, FAQs, and internal links."
website designer in Palolem,Palolem,south_goa,web_design,local_transactional,/locations/palolem/,conditional_local_page,P3_validate,strategic_expansion_validate,,,,candidate_needs_local_volume_and_gsc_validation,"Do not publish a thin location page. Require unique local proof, relevant work, service details, FAQs, and internal links."
web designer in Palolem,Palolem,south_goa,web_design,local_transactional,/locations/palolem/,conditional_local_page,P3_validate,strategic_expansion_validate,,,,candidate_needs_local_volume_and_gsc_validation,"Do not publish a thin location page. Require unique local proof, relevant work, service details, FAQs, and internal links."
website development company in Palolem,Palolem,south_goa,web_development,local_transactional,/website-development-goa/,statewide_service_page_pending_local_validation,P3_validate,strategic_expansion_validate,,,,candidate_needs_local_volume_and_gsc_validation,"Keep this candidate on the statewide service page unless local demand, unique proof, and distinct service content justify an explicit town-service page. Do not stuff town lists into copy."
web developer in Palolem,Palolem,south_goa,web_development,local_transactional,/website-development-goa/,statewide_service_page_pending_local_validation,P3_validate,strategic_expansion_validate,,,,candidate_needs_local_volume_and_gsc_validation,"Keep this candidate on the statewide service page unless local demand, unique proof, and distinct service content justify an explicit town-service page. Do not stuff town lists into copy."
local seo company in Palolem,Palolem,south_goa,local_seo,local_transactional,/local-seo-goa/,statewide_service_page_pending_local_validation,P3_validate,strategic_expansion_validate,,,,candidate_needs_local_volume_and_gsc_validation,"Keep this candidate on the statewide service page unless local demand, unique proof, and distinct service content justify an explicit town-service page. Do not stuff town lists into copy."
local seo services in Palolem,Palolem,south_goa,local_seo,local_transactional,/local-seo-goa/,statewide_service_page_pending_local_validation,P3_validate,strategic_expansion_validate,,,,candidate_needs_local_volume_and_gsc_validation,"Keep this candidate on the statewide service page unless local demand, unique proof, and distinct service content justify an explicit town-service page. Do not stuff town lists into copy."
website design company near me,searcher_proximity,goa_service_area,web_design,near_me_transactional,/,optimize_relevant_service_page_and_gbp,P1,strategic_expansion_validate,,,,candidate_needs_gsc_and_gbp_validation,"Near-me visibility depends heavily on verified location/service area, relevance, distance, and prominence; do not stuff 'near me' into copy."
web design company near me,searcher_proximity,goa_service_area,web_design,near_me_transactional,/,optimize_relevant_service_page_and_gbp,P1,strategic_expansion_validate,,,,candidate_needs_gsc_and_gbp_validation,"Near-me visibility depends heavily on verified location/service area, relevance, distance, and prominence; do not stuff 'near me' into copy."
website designer near me,searcher_proximity,goa_service_area,web_design,near_me_transactional,/,optimize_relevant_service_page_and_gbp,P1,strategic_expansion_validate,,,,candidate_needs_gsc_and_gbp_validation,"Near-me visibility depends heavily on verified location/service area, relevance, distance, and prominence; do not stuff 'near me' into copy."
web designer near me,searcher_proximity,goa_service_area,web_design,near_me_transactional,/,optimize_relevant_service_page_and_gbp,P1,strategic_expansion_validate,,,,candidate_needs_gsc_and_gbp_validation,"Near-me visibility depends heavily on verified location/service area, relevance, distance, and prominence; do not stuff 'near me' into copy."
website developer near me,searcher_proximity,goa_service_area,web_development,near_me_transactional,/website-development-goa/,optimize_relevant_service_page_and_gbp,P1,strategic_expansion_validate,,,,candidate_needs_gsc_and_gbp_validation,"Near-me visibility depends heavily on verified location/service area, relevance, distance, and prominence; do not stuff 'near me' into copy."
web development company near me,searcher_proximity,goa_service_area,web_development,near_me_transactional,/website-development-goa/,optimize_relevant_service_page_and_gbp,P1,strategic_expansion_validate,,,,candidate_needs_gsc_and_gbp_validation,"Near-me visibility depends heavily on verified location/service area, relevance, distance, and prominence; do not stuff 'near me' into copy."
local seo company near me,searcher_proximity,goa_service_area,local_seo,near_me_transactional,/local-seo-goa/,optimize_relevant_service_page_and_gbp,P1,strategic_expansion_validate,,,,candidate_needs_gsc_and_gbp_validation,"Near-me visibility depends heavily on verified location/service area, relevance, distance, and prominence; do not stuff 'near me' into copy."
seo company near me,searcher_proximity,goa_service_area,local_seo,near_me_transactional,/local-seo-goa/,optimize_relevant_service_page_and_gbp,P1,strategic_expansion_validate,,,,candidate_needs_gsc_and_gbp_validation,"Near-me visibility depends heavily on verified location/service area, relevance, distance, and prominence; do not stuff 'near me' into copy."
google business profile expert near me,searcher_proximity,goa_service_area,google_business_profile,near_me_transactional,/google-business-profile-optimization-goa/,optimize_relevant_service_page_and_gbp,P1,strategic_expansion_validate,,,,candidate_needs_gsc_and_gbp_validation,"Near-me visibility depends heavily on verified location/service area, relevance, distance, and prominence; do not stuff 'near me' into copy."
website maintenance company near me,searcher_proximity,goa_service_area,maintenance,near_me_transactional,/website-maintenance-goa/,optimize_relevant_service_page_and_gbp,P1,strategic_expansion_validate,,,,candidate_needs_gsc_and_gbp_validation,"Near-me visibility depends heavily on verified location/service area, relevance, distance, and prominence; do not stuff 'near me' into copy."
ecommerce website developer near me,searcher_proximity,goa_service_area,ecommerce,near_me_transactional,/ecommerce-website-development-goa/,optimize_relevant_service_page_and_gbp,P1,strategic_expansion_validate,,,,candidate_needs_gsc_and_gbp_validation,"Near-me visibility depends heavily on verified location/service area, relevance, distance, and prominence; do not stuff 'near me' into copy."
wordpress developer near me,searcher_proximity,goa_service_area,wordpress,near_me_transactional,/wordpress-website-design-goa/,optimize_relevant_service_page_and_gbp,P1,strategic_expansion_validate,,,,candidate_needs_gsc_and_gbp_validation,"Near-me visibility depends heavily on verified location/service area, relevance, distance, and prominence; do not stuff 'near me' into copy."
